DEPTH,BS,CALI,CHKS,VP,VS,GR,GRN,NPHI,PHIE,PHIT,RD,RHOB,RM,RS,SWE,VSH
9800.0,8.5,8.3872,2112.6411,3207.884,1819.4398,154.537,162.537,0.2032,0.0,0.0812,1.5399,2.5649,1.5441,1.5283,1.0,100.0
9800.5,8.5,8.3951,2112.7368,3178.8777,1819.4398,157.5908,165.5908,0.2086,0.0,0.0782,1.5116,2.5718,1.5136,1.5046,1.0,100.0
9801.0,8.5,8.3849,2112.8325,3136.9353,1819.4398,161.1772,169.1772,0.2131,0.0,0.0784,1.5387,2.5727,1.5338,1.5231,1.0,100.0
9801.5,8.5,8.3907,2112.9282,3122.1992,1819.4398,161.53,169.53,0.2142,0.0,0.0794,1.5315,2.5712,1.5266,1.5015,1.0,100.0
9802.0,8.5,8.402,2113.0239,3110.2041,1819.4398,161.686,169.686,0.2108,0.0,0.0833,1.5044,2.5637,1.5007,1.4753,1.0,100.0
9802.5,8.5,8.3767,2113.1196,3079.7336,1819.4398,161.1696,169.1696,0.216,0.0,0.0887,1.4759,2.5543,1.4794,1.4618,1.0,100.0
9803.0,8.5,8.379,2113.2153,3087.7234,1819.4398,159.3248,167.3248,0.2168,0.0,0.0897,1.469,2.5521,1.4788,1.4716,1.0,100.0
9803.5,8.5,8.3879,2113.311,3085.6418,1819.4398,160.628,168.628,0.2153,0.0018,0.0918,1.512,2.5485,1.5243,1.5154,1.0,100.0
9804.0,8.5,8.3939,2113.4067,3057.4016,1819.4398,161.7339,169.7339,0.2122,0.0018,0.0918,1.5624,2.5484,1.5659,1.5573,1.0,100.0
9804.5,8.5,8.4018,2113.5024,3037.5054,1819.4398,157.8463,165.8463,0.2062,0.0,0.0868,1.5766,2.5558,1.5627,1.5549,1.0,100.0
9805.0,8.5,8.431,2113.5979,3076.5378,1819.4398,153.9861,161.9861,0.2144,0.0,0.086,1.5736,2.5573,1.5493,1.5354,1.0,100.0
9805.5,8.5,8.4326,2113.6936,3114.6792,1819.4398,154.3366,162.3366,0.2117,0.0,0.0878,1.5878,2.5538,1.5675,1.528,1.0,100.0
9806.0,8.5,8.4251,2113.7893,3137.8494,1819.4398,154.1446,162.1446,0.2074,0.0,0.0875,1.5467,2.5538,1.5458,1.4854,1.0,100.0
9806.5,8.5,8.4438,2113.885,3135.7798,1819.4398,153.5199,161.5199,0.2087,0.0,0.0864,1.559,2.5559,1.574,1.5479,1.0,100.0
9807.0,8.5,8.4617,2113.9807,3124.1416,1819.4398,155.6208,163.6208,0.2091,0.0,0.0823,1.8472,2.5639,1.8614,1.8553,1.0,100.0
9807.5,8.5,8.3951,2114.0757,3128.0112,1819.4398,155.0426,163.0426,0.2179,0.0,0.0743,1.5443,2.5794,1.5578,1.5177,1.0,100.0
9808.0,8.5,8.3824,2114.1704,3142.145,1819.4398,153.692,161.692,0.1875,0.0,0.0689,1.5418,2.585,1.5582,1.5235,1.0,100.0
9808.5,8.5,8.4084,2114.2651,3158.0354,1819.4398,154.6557,162.6557,0.17,0.0,0.0736,2.2155,2.5744,2.2101,2.1813,1.0,95.05
9809.0,8.5,8.4071,2114.3599,3209.0764,1819.4398,149.6397,157.6397,0.175,0.0023,0.0829,2.5068,2.557,2.4921,2.4343,1.0,89.59
9809.5,8.5,8.4091,2114.4548,3331.4351,1819.4398,139.6097,147.6097,0.1629,0.0183,0.0866,2.5664,2.5464,2.5484,2.4833,1.0,75.91
9810.0,8.5,8.4112,2114.5496,3481.459,1819.4398,127.4999,135.4999,0.1571,0.0237,0.0828,2.5816,2.5442,2.5723,2.5172,1.0,65.68
9810.5,8.5,8.4228,2114.6443,3609.9246,1819.4398,118.1093,126.1093,0.1596,0.0333,0.0873,2.6232,2.5397,2.62,2.5889,1.0,60.03
9811.0,8.5,8.4214,2114.739,3657.1667,1819.4398,114.6834,122.6834,0.1554,0.0402,0.0902,2.6942,2.533,2.6782,2.6337,1.0,55.53
9811.5,8.5,8.4316,2114.8337,3629.8853,1819.4398,113.0644,121.0644,0.1517,0.0423,0.0901,2.7332,2.5316,2.6944,2.616,1.0,53.18
9812.0,8.5,8.4019,2114.9285,3604.4944,1819.4398,112.1634,120.1634,0.1535,0.0401,0.0886,2.7481,2.5352,2.7001,2.5937,1.0,53.87
9812.5,8.5,8.3469,2115.0234,3608.1553,1819.4398,110.8397,118.8397,0.1529,0.04,0.0878,2.7002,2.5362,2.6517,2.5375,1.0,53.12
9813.0,8.5,8.3422,2115.1182,3613.6477,1819.4398,110.5701,118.5701,0.1565,0.0406,0.089,2.6288,2.5345,2.5858,2.4904,1.0,53.79
9813.5,8.5,8.3437,2115.2129,3591.1934,1819.4398,111.5094,119.5094,0.1564,0.0404,0.0892,2.5788,2.5342,2.5395,2.4599,1.0,54.24
9814.0,8.5,8.3442,2115.3076,3569.5339,1819.4398,112.1528,120.1528,0.1569,0.0394,0.0888,2.5515,2.5352,2.5203,2.4532,1.0,54.92
9814.5,8.5,8.3417,2115.4023,3566.0342,1819.4398,111.003,119.003,0.1621,0.0373,0.0879,2.549,2.5372,2.5202,2.4549,1.0,56.29
9815.0,8.5,8.3439,2115.4971,3574.0376,1819.4398,108.4314,116.4314,0.162,0.035,0.085,2.4654,2.5418,2.4431,2.3842,1.0,55.57
9815.5,8.5,8.3662,2115.5918,3591.6799,1819.4398,109.5262,117.5262,0.1649,0.0318,0.0837,2.4035,2.5448,2.392,2.3471,1.0,57.65
9816.0,8.5,8.3855,2115.6868,3579.6204,1819.4398,113.4106,121.4106,0.1666,0.0311,0.0852,2.3697,2.5432,2.3689,2.3281,1.0,60.2
9816.5,8.5,8.3788,2115.7815,3549.8162,1819.4398,116.3961,124.3961,0.1686,0.03,0.0863,2.3352,2.5423,2.3387,2.2938,1.0,62.48
9817.0,8.5,8.3934,2115.8762,3521.0208,1819.4398,117.9645,125.9645,0.1644,0.029,0.0851,2.3164,2.5442,2.3189,2.2757,1.0,62.38
9817.5,8.5,8.4145,2115.9709,3507.936,1819.4398,117.5449,125.5449,0.1698,0.0275,0.0851,2.2846,2.5448,2.2838,2.253,1.0,64.02
9818.0,8.5,8.432,2116.064,3485.1255,1819.4398,117.0877,125.0877,0.1745,0.0272,0.0859,2.2526,2.5439,2.2451,2.2195,1.0,65.18
9818.5,8.5,8.4031,2116.1563,3478.5029,1819.4398,116.4665,124.4665,0.1709,0.0277,0.0851,2.2659,2.5448,2.2513,2.218,1.0,63.76
9819.0,8.5,8.3307,2116.2485,3480.2666,1819.4398,115.4884,123.4884,0.1682,0.0301,0.0858,2.2545,2.5429,2.2399,2.1884,1.0,61.9
9819.5,8.5,8.3387,2116.3408,3481.0735,1819.4398,115.3272,123.3272,0.177,0.0307,0.0884,2.1511,2.5393,2.1451,2.0848,1.0,64.07
9820.0,8.5,8.3429,2116.4331,3469.7283,1819.4398,116.105,124.105,0.1758,0.0319,0.0893,2.0858,2.5376,2.0986,2.0549,1.0,63.83
9820.5,8.5,8.3497,2116.5254,3451.6731,1819.4398,117.3184,125.3184,0.1854,0.0324,0.0927,2.0824,2.5331,2.1005,2.0815,1.0,67.0
9821.0,8.5,8.3464,2116.6177,3423.2922,1819.4398,117.9937,125.9937,0.1868,0.0336,0.0943,2.1296,2.5305,2.1451,2.1349,1.0,67.41
9821.5,8.5,8.3505,2116.71,3402.7959,1819.4398,118.0969,126.0969,0.1819,0.0305,0.0907,2.2315,2.5364,2.2339,2.2132,1.0,66.9
9822.0,8.5,8.3495,2116.8022,3405.4343,1819.4398,118.3338,126.3338,0.1782,0.0255,0.086,2.2709,2.5444,2.2672,2.234,1.0,67.28
9822.5,8.5,8.3508,2116.8945,3437.8369,1819.4398,116.7665,124.7665,0.1718,0.0264,0.0844,2.2531,2.5461,2.2492,2.2092,1.0,64.46
9823.0,8.5,8.3667,2116.9868,3472.5544,1819.4398,116.7307,124.7307,0.169,0.0286,0.0854,2.1937,2.544,2.1947,2.158,1.0,63.11
9823.5,8.5,8.3518,2117.0791,3494.2708,1819.4398,118.2578,126.2578,0.1753,0.0268,0.0863,2.1473,2.5436,2.1549,2.1219,1.0,66.1
9824.0,8.5,8.3722,2117.1714,3498.2529,1819.4398,117.8752,125.8752,0.1775,0.0264,0.0864,2.0929,2.5436,2.1023,2.0723,1.0,66.61
9824.5,8.5,8.3921,2117.2637,3469.657,1832.624,117.9795,125.9795,0.1757,0.0293,0.0882,2.084,2.5401,2.0833,2.0576,1.0,65.41
9825.0,8.5,8.3583,2117.356,3431.2578,1828.2699,118.4703,126.4703,0.1788,0.0294,0.0892,2.0921,2.5387,2.071,2.0405,1.0,66.51
9825.5,8.5,8.3484,2117.4482,3416.3586,1787.933,117.806,125.806,0.1805,0.0267,0.0873,2.09,2.5423,2.0621,2.0228,1.0,67.35
9826.0,8.5,8.3539,2117.5405,3395.1167,1747.1534,119.7598,127.7598,0.1822,0.0249,0.0873,2.1047,2.543,2.0937,2.032,1.0,69.3
9826.5,8.5,8.3477,2117.6328,3380.9714,1723.1963,122.6867,130.6867,0.1877,0.022,0.0878,2.0825,2.5434,2.089,2.012,1.0,73.18
9827.0,8.5,8.3353,2117.7251,3381.6394,1714.1237,123.0973,131.0973,0.1845,0.0211,0.0865,2.1001,2.5454,2.1195,2.0763,1.0,72.71
9827.5,8.5,8.3228,2117.8174,3363.2881,1739.6833,122.2765,130.2765,0.1849,0.0202,0.0856,2.1462,2.547,2.1643,2.1504,1.0,72.64
9828.0,8.5,8.3308,2117.9097,3337.655,1767.7836,120.2771,128.2771,0.188,0.0131,0.08,2.2128,2.557,2.2244,2.2226,1.0,74.39
9828.5,8.5,8.3288,2118.002,3321.9624,1782.7563,114.6051,122.6051,0.1857,0.005,0.0706,2.6201,2.5724,2.6255,2.617,1.0,72.93
9829.0,8.5,8.2541,2118.0952,3393.5557,1822.0653,108.973,116.973,0.1785,0.0108,0.0706,2.8092,2.5702,2.81,2.7626,1.0,66.43
9829.5,8.5,8.2636,2118.1885,3515.4856,1874.9526,107.7091,115.7091,0.1627,0.0299,0.0809,2.8028,2.5492,2.8016,2.6951,1.0,56.67
9830.0,8.5,8.2977,2118.2815,3605.748,1917.2838,107.9763,115.9763,0.1564,0.0439,0.0905,2.6945,2.5312,2.7211,2.6625,1.0,51.76
9830.5,8.5,8.3104,2118.3748,3652.3813,1957.4424,108.8078,116.8078,0.1566,0.0471,0.0934,2.7164,2.5261,2.7689,2.7478,1.0,51.42
9831.0,8.5,8.3617,2118.468,3649.7793,1953.2025,105.7987,113.7987,0.1566,0.0462,0.0914,2.9124,2.529,2.9499,2.9466,1.0,50.27
9831.5,8.5,8.3672,2118.5613,3601.3174,1931.4708,100.8874,108.8874,0.1531,0.0473,0.0895,3.1156,2.5309,3.093,3.0627,1.0,46.91
9832.0,8.5,8.375,2118.6543,3616.4004,1930.2354,101.0475,109.0475,0.1465,0.0474,0.0881,3.1839,2.5325,3.1,3.0358,1.0,45.29
9832.5,8.5,8.4164,2118.7476,3663.9768,1935.7653,102.0627,110.0627,0.146,0.0466,0.0878,3.2039,2.5333,3.1161,3.009,1.0,45.8
9833.0,8.5,8.3944,2118.8408,3710.8643,1935.4175,100.2641,108.2641,0.1455,0.0475,0.0877,3.2728,2.533,3.2057,3.0464,1.0,44.66
9833.5,8.5,8.4037,2118.9338,3721.0527,1938.517,98.2782,106.2782,0.1455,0.0468,0.0864,3.268,2.5349,3.2052,3.0147,1.0,43.95
9834.0,8.5,8.3961,2119.0271,3738.2307,1944.1082,97.5355,105.5355,0.1528,0.0482,0.0888,3.2637,2.5313,3.2001,3.038,1.0,45.11
9834.5,8.5,8.4034,2119.1204,3757.3037,1948.3995,98.6009,106.6009,0.1583,0.0521,0.0936,3.4089,2.5237,3.3628,3.1912,1.0,46.08
9835.0,8.5,8.3967,2119.2136,3769.9351,1968.1417,98.5943,106.5943,0.1579,0.0477,0.09,3.9082,2.5301,3.9124,3.7069,1.0,46.97
9835.5,8.5,8.3877,2119.3066,3830.416,2041.0474,91.8891,99.8891,0.1646,0.0304,0.075,4.7734,2.5563,4.9166,4.63,1.0,49.62
9836.0,8.5,8.3567,2119.3999,3961.4771,2133.3169,83.3245,91.3245,0.1571,0.0163,0.0587,5.2765,2.5828,5.5291,5.1594,1.0,47.1
9836.5,8.5,8.3272,2119.4932,4075.155,2224.8774,80.2618,88.2618,0.1549,0.0123,0.0538,5.6983,2.5906,6.0217,5.8367,1.0,46.1
9837.0,8.5,8.2454,2119.5862,4140.877,2265.083,82.3426,90.3426,0.1441,0.0248,0.0622,6.7473,2.5745,7.0787,7.3721,1.0,41.55
9837.5,8.5,8.1875,2119.6794,4092.4399,2235.0825,84.833,92.833,0.1332,0.0518,0.0827,7.8377,2.5368,7.8771,8.155,1.0,34.32
9838.0,8.5,8.1638,2119.7727,3862.78,2188.7717,84.8498,92.8498,0.1314,0.0937,0.1168,8.2571,2.474,7.9767,7.8298,1.0,25.7
9838.5,8.5,8.1017,2119.866,3619.574,2129.3896,85.5289,93.5289,0.1318,0.1495,0.1629,8.6907,2.3731,8.3072,7.6477,0.9019,14.91
9839.0,8.5,7.9208,2119.959,3444.4297,2057.2815,92.506,100.506,0.134,0.1885,0.2008,7.9591,2.2806,7.5719,6.064,0.5372,13.67
9839.5,8.5,7.9258,2120.0522,3336.4458,2026.5135,111.8402,119.8402,0.1508,0.1834,0.2016,6.0016,2.2843,5.7801,4.6739,0.5018,20.22
9840.0,8.5,8.0405,2120.1458,3118.2383,1955.2023,124.9845,132.9845,0.1743,0.0,0.0,5.0353,2.2799,5.0688,4.7127,1.0,100.0
9840.5,8.5,8.3082,2120.239,2916.6516,1940.1876,114.8504,122.8504,0.2252,0.0,0.0,4.4239,2.0387,4.482,4.5269,1.0,100.0
9841.0,8.5,8.3636,2120.3323,2793.3167,1862.5651,104.7487,112.7487,0.3399,0.0,0.0,5.0479,1.7806,5.0484,5.2105,1.0,100.0
9841.5,8.5,8.4019,2120.4258,2755.7224,1798.6759,108.4395,116.4395,0.334,0.0,0.0,7.0522,1.9243,6.637,6.3767,1.0,100.0
9842.0,8.5,8.4206,2120.519,2850.063,1850.6802,116.4404,124.4404,0.1752,0.0,0.0,6.9321,2.2869,6.202,5.4217,1.0,100.0
9842.5,8.5,8.4731,2120.6123,3077.647,1862.5104,122.9089,130.9089,0.1331,0.0,0.0,5.0314,2.4896,4.5719,3.9617,1.0,45.95
9843.0,8.5,8.4871,2120.7056,3411.3801,1904.4728,125.3309,133.3309,0.1539,0.0331,0.088,3.9484,2.5318,3.7991,3.4915,1.0,61.03
9843.5,8.5,8.4494,2120.7991,3672.0015,1941.6152,121.9106,129.9106,0.1557,0.0326,0.087,3.6952,2.5366,3.6449,3.4355,1.0,60.44
9844.0,8.5,8.4067,2120.8923,3689.6084,1979.8933,116.6093,124.6093,0.1403,0.0359,0.0833,3.7159,2.5381,3.7298,3.6431,1.0,52.68
9844.5,8.5,8.3876,2120.9856,3726.8494,2004.8201,110.4017,118.4017,0.1232,0.0461,0.0844,3.9178,2.5281,3.912,3.7804,1.0,42.6
9845.0,8.5,8.2837,2121.0791,3770.8679,2035.6057,104.1125,112.1125,0.1205,0.0552,0.0889,4.2144,2.5196,4.1668,3.9509,1.0,37.49
9845.5,8.5,8.2391,2121.1724,3742.2236,2067.8115,99.8651,107.8651,0.122,0.0574,0.0898,4.4142,2.5206,4.3194,4.0448,1.0,36.05
9846.0,8.5,8.2305,2121.2656,3700.5334,2097.1414,96.0315,104.0315,0.1218,0.0603,0.091,4.3845,2.5196,4.2806,3.95,1.0,34.09
9846.5,8.5,8.1869,2121.3591,3727.0225,2121.0752,92.0162,100.0162,0.1293,0.075,0.1033,4.2186,2.499,4.1106,3.7891,1.0,31.41
9847.0,8.5,8.0491,2121.4524,3678.3027,2099.4397,90.7602,98.7602,0.135,0.1018,0.1256,4.1442,2.4541,4.0736,3.8318,0.8389,26.49
9847.5,8.5,7.9165,2121.5457,3728.9375,2097.241,93.7956,101.7956,0.145,0.1023,0.1291,4.181,2.4509,4.1133,3.919,0.7632,29.71
9848.0,8.5,8.1322,2121.6392,3791.7612,2093.6785,99.4751,107.4751,0.1328,0.0634,0.0971,4.1489,2.5113,4.0342,3.8103,0.9935,37.47
9848.5,8.5,8.1541,2121.7324,3843.1423,2087.3455,104.282,112.282,0.122,0.0314,0.0711,4.2713,2.5599,4.0946,3.8567,1.0,44.06
9849.0,8.5,8.1812,2121.8257,3892.5959,2090.677,105.0,113.0,0.1167,0.0264,0.066,4.5408,2.5675,4.3123,4.0388,1.0,44.02
9849.5,8.5,8.211,2121.9189,3981.7737,2132.4602,104.9083,112.9083,0.1138,0.0327,0.07,4.8315,2.5568,4.5946,4.1475,1.0,41.48
9850.0,8.5,8.1667,2122.0122,3979.3667,2125.345,104.9948,112.9948,0.1095,0.0434,0.0772,5.1093,2.5382,4.9178,4.3003,1.0,37.56
9850.5,8.5,8.1029,2122.1047,3977.4092,2153.522,96.5842,104.5842,0.1135,0.0607,0.0894,5.4985,2.5178,5.3075,4.5924,1.0,31.91
9851.0,8.5,8.0582,2122.1973,3914.5928,2171.8296,84.2983,92.2983,0.1191,0.0791,0.1022,5.7377,2.499,5.54,4.69,0.9897,25.69
9851.5,8.5,7.9102,2122.2898,3888.668,2182.4229,78.4421,86.4421,0.1225,0.1014,0.1196,6.1642,2.4655,5.9558,4.9178,0.8349,20.28
9852.0,8.5,7.7803,2122.3823,3761.2402,2173.9626,78.2206,86.2206,0.1268,0.1248,0.1398,6.978,2.4241,6.7448,5.5155,0.6938,16.66
9852.5,8.5,7.7577,2122.4749,3574.6121,2129.863,77.6848,85.6848,0.1288,0.1375,0.1506,7.8013,2.4018,7.5476,6.154,0.6428,14.63
9853.0,8.5,7.757,2122.5674,3544.0337,2112.3979,75.6999,83.6999,0.1266,0.1291,0.1428,8.2259,2.4186,7.833,6.2784,0.6548,15.24
9853.5,8.5,7.8151,2122.6599,3516.1467,2110.7625,73.6588,81.6588,0.1252,0.1101,0.1263,8.4318,2.4549,7.8163,6.3078,0.7221,17.99
9854.0,8.5,7.8062,2122.7524,3509.0586,2116.5417,71.8579,79.8579,0.1248,0.1058,0.1221,9.2425,2.4623,8.3723,6.9569,0.7423,18.05
9854.5,8.5,7.8038,2122.845,3541.1885,2115.3931,72.0637,80.0637,0.1245,0.1119,0.1273,9.0348,2.4531,7.7982,6.2682,0.6799,17.11
9855.0,8.5,7.8382,2122.9375,3558.1829,2094.2783,78.8089,86.8089,0.13,0.1022,0.1219,8.5987,2.4648,7.2253,5.6167,0.7024,21.93
9855.5,8.5,7.8834,2123.03,3550.8337,2087.5369,89.7305,97.7305,0.1412,0.0518,0.0862,8.1298,2.5327,6.7649,5.1737,0.9852,38.19
9856.0,8.5,7.9394,2123.1226,3617.8342,2116.5786,98.2837,106.2837,0.1492,0.0,0.0387,7.5343,2.6215,6.4644,4.9238,1.0,59.55
9856.5,8.5,8.0614,2123.2151,3657.9131,2126.3296,98.5292,106.5292,0.1614,0.0,0.045,6.9956,2.6118,6.2391,4.7232,1.0,61.98
9857.0,8.5,8.0186,2123.3076,3671.6965,2094.9072,86.0171,94.0171,0.1537,0.0741,0.1056,6.98,2.4987,6.4393,4.9023,0.8481,34.9
9857.5,8.5,7.837,2123.4001,3706.8384,2052.4202,72.9317,80.9317,0.1148,0.1357,0.1457,7.5346,2.4064,7.1026,5.2922,0.6018,11.14
9858.0,8.5,7.7578,2123.4927,3599.7903,2039.4835,70.2772,78.2772,0.1019,0.1382,0.1453,7.8843,2.4007,7.3612,5.455,0.5957,7.87
9858.5,8.5,7.7465,2123.5852,3643.8105,2063.6384,70.4593,78.4593,0.1005,0.1194,0.1289,8.7276,2.4356,8.1934,6.4849,0.6645,10.56
9859.0,8.5,7.7469,2123.6777,3650.2122,2125.1895,70.4484,78.4484,0.0971,0.1058,0.1167,9.5228,2.4601,9.037,7.6436,0.7365,12.12
9859.5,8.5,7.7259,2123.7703,3714.9077,2178.064,72.5839,80.5839,0.0998,0.1051,0.117,9.782,2.46,9.2487,7.9453,0.7365,13.25
9860.0,8.5,7.7363,2123.8625,3638.3992,2207.8125,75.1715,83.1715,0.1052,0.1134,0.1256,9.6193,2.4435,8.6907,7.2831,0.6976,13.5
9860.5,8.5,7.7377,2123.9551,3613.5066,2211.5273,77.2769,85.2769,0.1135,0.122,0.1347,8.1255,2.4275,7.0835,5.8078,0.6687,14.16
9861.0,8.5,7.77,2124.0469,3649.1023,2215.3064,77.856,85.856,0.119,0.1269,0.14,6.8902,2.4191,6.0366,4.9368,0.6555,14.56
9861.5,8.5,7.755,2124.1379,3704.5906,2231.4827,78.6739,86.6739,0.1188,0.1264,0.1398,6.6492,2.4191,5.984,4.8414,0.6976,14.78
9862.0,8.5,7.7636,2124.2288,3755.1836,2232.7363,80.8905,88.8905,0.1182,0.1268,0.1404,6.4,2.4163,5.8857,4.6318,0.6999,15.11
9862.5,8.5,7.7789,2124.3196,3830.4209,2220.0242,81.3779,89.3779,0.1235,0.1407,0.1532,6.3579,2.3913,5.9299,4.6681,0.6525,13.84
9863.0,8.5,7.7616,2124.4106,3858.0225,2199.3071,80.2958,88.2958,0.1346,0.1647,0.1752,6.4887,2.3504,6.0167,4.7254,0.57,11.66
9863.5,8.5,7.7587,2124.5015,3773.1455,2179.7927,79.4851,87.4851,0.1436,0.1851,0.1939,6.8689,2.3154,6.3342,5.0453,0.5143,9.86
9864.0,8.5,7.7278,2124.5925,3626.676,2152.9194,77.9318,85.9318,0.1426,0.1943,0.2027,8.4563,2.2928,7.9042,6.3963,0.4432,9.41
9864.5,8.5,7.7351,2124.6833,3545.8025,2103.1177,76.3596,84.3596,0.1369,0.1975,0.2056,11.1192,2.2807,10.4445,8.375,0.3641,8.98
9865.0,8.5,7.7342,2124.7744,3480.0083,2061.9324,75.9247,83.9247,0.1362,0.2007,0.2087,14.8103,2.2723,13.9992,11.0431,0.3092,8.86
9865.5,8.5,7.7249,2124.8652,3389.9661,2041.0854,75.5452,83.5452,0.1337,0.2019,0.2098,18.2785,2.2672,16.9507,12.0958,0.286,8.76
9866.0,8.5,7.7353,2124.9563,3304.7742,2041.8075,74.7442,82.7442,0.1347,0.2005,0.2082,21.0941,2.2729,19.3934,13.005,0.2818,8.55
9866.5,8.5,7.745,2125.0471,3337.5747,2049.7095,73.5094,81.5094,0.1308,0.1942,0.2016,24.4637,2.2863,22.2348,14.2793,0.2877,8.22
9867.0,8.5,7.7417,2125.1382,3386.6704,2059.1812,73.2671,81.2671,0.129,0.1906,0.1979,27.0428,2.294,24.4979,15.301,0.2749,8.16
9867.5,8.5,7.7439,2125.229,3456.8208,2075.2129,74.3982,82.3982,0.1262,0.1944,0.202,31.1211,2.28,28.6054,17.2261,0.2466,8.46
9868.0,8.5,7.756,2125.3201,3573.7527,2095.0613,76.02,84.02,0.1212,0.2008,0.2088,36.1349,2.2567,31.4373,18.5087,0.2147,8.89
9868.5,8.5,7.7892,2125.4109,3550.8708,2108.8318,76.1745,84.1745,0.1117,0.1917,0.1998,44.4827,2.2698,38.2284,22.7068,0.188,8.93
9869.0,8.5,7.7956,2125.5017,3422.9961,2116.1436,75.5301,83.5301,0.1015,0.1652,0.1731,45.6584,2.3274,38.1357,20.8917,0.2115,8.76
9869.5,8.5,7.8295,2125.5928,3432.5447,2124.3245,73.9467,81.9467,0.0919,0.1483,0.1558,48.2487,2.3623,39.2859,20.7923,0.2478,8.34
9870.0,8.5,7.8722,2125.6836,3536.0242,2144.8611,71.9746,79.9746,0.0906,0.1469,0.154,62.0338,2.3666,54.3062,32.608,0.2745,7.83
9870.5,8.5,7.7749,2125.7747,3769.4033,2212.3298,72.3013,80.3013,0.0909,0.1384,0.1455,69.396,2.3883,61.4576,34.9434,0.2827,7.91
9871.0,8.5,7.8135,2125.8655,4014.6626,2319.8113,73.5151,81.5151,0.0876,0.1414,0.1488,58.8354,2.3756,47.319,25.0998,0.2637,8.23
9871.5,8.5,7.7552,2125.9565,4181.3052,2420.1672,72.2913,80.2913,0.0936,0.1703,0.1774,75.1548,2.3098,65.1117,39.813,0.2019,7.91
9872.0,8.5,7.7508,2126.0471,4236.54,2403.1392,71.7397,79.7397,0.1089,0.1946,0.2016,81.4688,2.2648,70.5076,37.2736,0.163,7.77
9872.5,8.5,7.7536,2126.1372,4014.5566,2330.0347,74.6427,82.6427,0.1219,0.2018,0.2095,72.2546,2.2564,61.3673,31.236,0.1598,8.52
9873.0,8.5,7.7557,2126.2273,3702.0259,2266.1506,76.8261,84.8261,0.1261,0.2026,0.2108,74.3624,2.2562,64.2953,31.8519,0.1548,9.11
9873.5,8.5,7.7603,2126.3176,3485.8945,2190.324,75.9822,83.9822,0.1271,0.203,0.211,75.5549,2.2572,67.2889,32.8128,0.1473,8.88
9874.0,8.5,7.7641,2126.4077,3450.9502,2126.1191,75.6833,83.6833,0.1283,0.2029,0.2108,66.9202,2.2591,60.5213,29.1197,0.1423,8.8
9874.5,8.5,7.7626,2126.4978,3551.5908,2126.8015,76.2175,84.2175,0.1299,0.2036,0.2116,61.0544,2.2583,55.1767,27.4398,0.141,8.94
9875.0,8.5,7.7687,2126.5879,3606.678,2130.5193,75.6536,83.6536,0.1307,0.2059,0.2138,60.5032,2.2539,60.0253,31.0291,0.1416,8.79
9875.5,8.5,7.7772,2126.6782,3615.3193,2134.7214,75.3606,83.3606,0.1303,0.2086,0.2165,51.6507,2.2468,54.8343,28.9415,0.1521,8.71
9876.0,8.5,7.7678,2126.7683,3600.5303,2159.1602,76.4982,84.4982,0.1307,0.2102,0.2183,42.7841,2.2419,48.6293,28.2159,0.2174,9.02
9876.5,8.5,7.7863,2126.8584,3617.5981,2154.2615,76.3915,84.3915,0.1342,0.2111,0.2192,33.7128,2.2432,40.6026,26.5834,0.3098,8.99
9877.0,8.5,7.7715,2126.9487,3621.5354,2127.7161,76.1978,84.1978,0.1605,0.2205,0.2286,26.475,2.2458,30.4432,22.1071,0.3145,8.94
9877.5,8.5,7.7482,2127.0388,3590.4402,2134.9082,77.0524,85.0524,0.2302,0.0,0.0,21.8762,2.2446,22.7908,18.9959,1.0,100.0
9878.0,8.5,7.745,2127.1289,3518.5295,2147.0261,79.5737,87.5737,0.3336,0.0,0.0,17.5036,2.2116,16.4815,14.7198,1.0,100.0
9878.5,8.5,7.7683,2127.2192,3479.3052,2105.5786,88.8708,96.8708,0.353,0.0,0.0,12.0265,2.1422,10.3613,8.5376,1.0,100.0
9879.0,8.5,8.1161,2127.3093,3282.8767,2019.7456,104.7818,112.7818,0.3271,0.0,0.0,7.5587,2.1707,6.4624,5.465,1.0,100.0
9879.5,8.5,8.1829,2127.3994,2949.9583,1871.5416,118.5312,126.5312,0.2589,0.0,0.0,4.5056,2.3331,4.0941,3.6117,1.0,100.0
9880.0,8.5,8.1335,2127.4897,2742.4722,1765.6095,127.3739,135.3739,0.2087,0.0,0.0,3.0283,2.4672,2.8939,2.6366,1.0,100.0
9880.5,8.5,8.2431,2127.5798,2675.1648,1754.2335,131.2902,139.2902,0.1916,0.0337,0.1018,2.5055,2.5205,2.4609,2.323,1.0,75.67
9881.0,8.5,8.2482,2127.6699,2775.2385,1743.0031,131.5656,139.5656,0.1593,0.0282,0.0881,2.2834,2.5317,2.2602,2.1822,1.0,66.63
9881.5,8.5,8.252,2127.7603,3022.823,1742.9672,131.4393,139.4393,0.1456,0.031,0.0861,2.3602,2.528,2.3433,2.2945,1.0,61.21
9882.0,8.5,8.2493,2127.8503,3382.3411,1796.0632,129.1081,137.1081,0.132,0.0288,0.0797,2.6806,2.5351,2.6598,2.6026,1.0,56.57
9882.5,8.5,8.2491,2127.9404,3598.9656,1910.8616,127.5033,135.5033,0.1271,0.0179,0.0697,2.948,2.555,2.9289,2.8401,1.0,57.5
9883.0,8.5,8.2479,2128.0308,3745.6177,1988.3361,130.2751,138.2751,0.1322,0.0,0.0536,3.1045,2.5999,3.1098,3.0217,1.0,69.19
9883.5,8.5,8.2528,2128.1208,3780.1887,2012.8458,132.0077,140.0077,0.1363,0.0,0.0302,3.25,2.6434,3.292,3.2245,1.0,80.49
9884.0,8.5,8.2066,2128.2112,3818.0178,2030.7992,129.3038,137.3038,0.1395,0.0,0.031,3.393,2.6417,3.4764,3.4211,1.0,79.56
9884.5,8.5,8.2144,2128.3015,3824.394,2059.2285,124.4454,132.4454,0.1369,0.0,0.0468,3.572,2.6114,3.682,3.6246,1.0,69.42
9885.0,8.5,8.2042,2128.3916,3893.9138,2100.7073,125.2369,133.2369,0.1328,0.0,0.0559,3.7543,2.5902,3.8386,3.8329,1.0,64.46
9885.5,8.5,8.2103,2128.4819,3957.9377,2156.8362,131.1064,139.1064,0.1334,0.0,0.0575,3.763,2.5931,3.7763,3.8233,1.0,68.84
9886.0,8.5,8.1846,2128.5723,4004.3984,2171.6487,132.656,140.656,0.1334,0.0,0.0538,3.8327,2.6002,3.7651,3.7802,1.0,71.21
9886.5,8.5,8.176,2128.6624,4028.4475,2132.8662,132.1991,140.1991,0.1421,0.0,0.0615,3.6914,2.5873,3.5676,3.4477,1.0,71.59
9887.0,8.5,8.1421,2128.7527,4036.6211,2077.9944,141.7753,149.7753,0.1646,0.0192,0.0888,3.1315,2.5431,3.0312,2.8312,1.0,77.3
9887.5,8.5,7.9642,2128.843,3974.0383,2028.0249,154.3219,162.3219,0.1832,0.0465,0.1204,2.5382,2.4911,2.5182,2.3612,1.0,82.08
9888.0,8.5,8.2407,2128.9331,3767.2419,1987.4961,154.5787,162.5787,0.198,0.0495,0.1268,2.3524,2.4814,2.399,2.3245,1.0,85.81
9888.5,8.5,8.0423,2129.0234,3550.4905,1944.8549,149.2859,157.2859,0.2224,0.0254,0.113,2.3873,2.5081,2.4402,2.4266,1.0,97.36
9889.0,8.5,8.2199,2129.1138,3369.5007,1891.4513,148.1624,156.1624,0.2199,0.0119,0.1019,2.5398,2.5278,2.5479,2.5684,1.0,100.0
9889.5,8.5,8.2453,2129.2039,3292.8357,1816.7676,146.7983,154.7983,0.2127,0.0,0.0856,2.9051,2.5562,2.8527,2.8691,1.0,100.0
9890.0,8.5,8.32,2129.2942,3217.6372,1734.871,139.3998,147.3998,0.2058,0.0,0.0616,3.1135,2.5974,3.0371,2.9717,1.0,100.0
9890.5,8.5,8.3551,2129.3845,3275.0459,1750.6576,132.5256,140.5256,0.1969,0.0,0.0629,2.9136,2.5921,2.8735,2.7121,1.0,93.6
9891.0,8.5,8.363,2129.4746,3422.5425,1849.2531,132.8982,140.8982,0.1817,0.0195,0.0893,2.6283,2.5424,2.6438,2.4994,1.0,77.53
9891.5,8.5,8.3638,2129.5649,3575.5762,1956.6683,140.1504,148.1504,0.1833,0.0553,0.1202,2.4332,2.4883,2.5087,2.4431,1.0,72.11
9892.0,8.5,8.3662,2129.6553,3619.7979,1899.2583,149.6507,157.6507,0.1982,0.0699,0.1396,2.546,2.4571,2.6474,2.6897,0.8796,77.51
9892.5,8.5,8.3565,2129.7454,3552.7913,1836.1689,152.2895,160.2895,0.1812,0.0505,0.1219,3.0059,2.4877,3.1026,3.2023,0.8952,79.25
9893.0,8.5,8.366,2129.8357,3421.4399,1778.0122,139.5896,147.5896,0.142,0.0132,0.0772,3.5572,2.5607,3.6039,3.678,1.0,71.11
9893.5,8.5,8.3502,2129.926,3366.6648,1786.9769,122.6473,130.6473,0.1176,0.0,0.0465,4.0587,2.6028,3.9815,3.9669,1.0,59.93
9894.0,8.5,8.3392,2130.0161,3477.4197,1875.78,119.3318,127.3318,0.1179,0.0,0.0461,4.1965,2.6055,4.0029,3.891,1.0,58.57
9894.5,8.5,8.3114,2130.1064,3699.8599,2000.9612,124.3618,132.3618,0.1247,0.0,0.049,3.638,2.601,3.4988,3.2718,1.0,63.09
9895.0,8.5,8.3068,2130.1968,3918.7097,2123.7354,127.6787,135.6787,0.1404,0.0022,0.0622,3.4346,2.5797,3.3379,3.1171,1.0,66.66
9895.5,8.5,8.237,2130.2871,4081.5615,2173.6401,131.606,139.606,0.1562,0.0228,0.0845,3.3052,2.5474,3.2166,3.0101,1.0,68.53
9896.0,8.5,8.1813,2130.3774,4013.2563,2126.4365,141.1007,149.1007,0.1692,0.0206,0.0908,3.1028,2.54,3.0176,2.8335,1.0,77.94
9896.5,8.5,8.2319,2130.4678,3836.3752,2049.6929,149.3229,157.3229,0.1712,0.0101,0.0875,3.238,2.5481,3.1369,2.9908,1.0,85.99
9897.0,8.5,8.2811,2130.5581,3670.1621,1949.9313,151.1775,159.1775,0.1696,0.0049,0.0841,3.909,2.5545,3.7501,3.5549,1.0,88.03
9897.5,8.5,8.2309,2130.6484,3557.7263,1909.1381,146.5628,154.5628,0.1448,0.0136,0.0815,4.7306,2.5548,4.5593,4.1022,1.0,75.48
9898.0,8.5,8.2071,2130.7388,3586.4185,1910.3933,135.2478,143.2478,0.1264,0.02,0.0736,4.6423,2.5422,4.4087,4.0641,1.0,59.52
9898.5,8.5,8.1598,2130.8291,3665.0212,1980.1337,124.1636,132.1636,0.1277,0.0393,0.0848,4.638,2.5236,4.4101,4.065,1.0,50.48
9899.0,8.5,8.0207,2130.9194,3793.8384,2131.1348,118.9324,126.9324,0.1285,0.0496,0.0911,4.9812,2.5125,4.8291,4.2542,1.0,46.12
9899.5,8.5,8.0731,2131.0098,3886.3523,2214.4033,115.4367,123.4367,0.1242,0.0495,0.0888,5.2137,2.5167,5.3579,4.5914,1.0,43.71
9900.0,8.5,7.9843,2131.1001,3862.7605,2206.2034,109.9336,117.9336,0.125,0.0535,0.0905,5.3737,2.5161,5.6937,4.9304,1.0,41.06
9900.5,8.5,7.8919,2131.1904,3849.5637,2202.3345,103.2706,111.2706,0.1235,0.0712,0.102,5.6493,2.4931,5.9412,5.3951,1.0,34.17
9901.0,8.5,7.9195,2131.2808,3867.7112,2257.363,95.3444,103.3444,0.119,0.0967,0.1191,6.0479,2.4564,6.0871,5.6529,0.9196,24.91
9901.5,8.5,7.7754,2131.3711,3846.7898,2271.6855,90.8771,98.8771,0.1239,0.106,0.1266,6.4057,2.4451,5.9912,5.5307,0.8851,22.92
9902.0,8.5,7.7592,2131.4614,3892.427,2333.2061,92.8214,100.8214,0.1331,0.0754,0.1048,6.8416,2.4978,6.3213,5.9439,1.0,32.58
9902.5,8.5,7.927,2131.5518,4005.4407,2356.1331,103.7786,111.7786,0.1571,0.015,0.0662,6.4902,2.574,6.0889,5.5737,1.0,56.92
9903.0,8.5,8.0846,2131.6421,4012.9446,2285.1746,124.6233,132.6233,0.1797,0.0,0.0582,4.4907,2.5965,4.2966,3.8894,1.0,82.29
9903.5,8.5,8.1363,2131.7324,3878.7017,2182.8071,141.4346,149.4346,0.1835,0.0,0.0756,3.2429,2.5695,3.1959,3.0047,1.0,89.77
9904.0,8.5,8.1154,2131.8228,3669.4421,2003.4153,140.1278,148.1278,0.1649,0.0142,0.0843,3.0029,2.5509,3.0345,2.9803,1.0,77.91
9904.5,8.5,8.1293,2131.9131,3546.4377,1904.1598,129.1179,137.1179,0.1303,0.0202,0.0728,3.2285,2.5492,3.2784,3.2882,1.0,58.49
9905.0,8.5,8.1371,2132.0034,3583.8291,1924.0505,122.8595,130.8595,0.1423,0.024,0.0771,3.629,2.5502,3.6163,3.6063,1.0,59.01
9905.5,8.5,8.1312,2132.094,3686.605,1999.9711,120.7522,128.7522,0.1675,0.0208,0.0809,3.8227,2.5529,3.7465,3.6713,1.0,66.73
9906.0,8.5,8.1147,2132.1843,3840.8467,2093.1968,122.149,130.149,0.1614,0.021,0.0801,3.835,2.5539,3.7585,3.6463,1.0,65.69
9906.5,8.5,8.1039,2132.2747,3924.2341,2171.8049,127.9393,135.9393,0.1585,0.0182,0.0799,3.7403,2.5552,3.7139,3.584,1.0,68.54
9907.0,8.5,8.1008,2132.3652,3912.5278,2161.8877,130.7513,138.7513,0.1563,0.0034,0.0694,3.5596,2.5746,3.5882,3.4751,1.0,73.29
9907.5,8.5,8.1267,2132.4556,3866.8918,2096.6682,130.1994,138.1994,0.1496,0.0,0.0434,3.3801,2.6208,3.4098,3.3245,1.0,79.74
9908.0,8.5,8.1286,2132.5459,3784.2202,2055.8562,128.084,136.084,0.1494,0.0,0.0366,3.3435,2.6327,3.358,3.3334,1.0,80.66
9908.5,8.5,8.0582,2132.6362,3746.3958,2027.3022,124.1292,132.1292,0.157,0.0,0.0638,3.5002,2.5832,3.5308,3.5122,1.0,70.98
9909.0,8.5,8.0364,2132.7268,3763.5671,2038.2562,119.9044,127.9044,0.1509,0.0322,0.0846,3.6537,2.54,3.6943,3.6054,1.0,58.3
9909.5,8.5,8.0232,2132.8171,3827.7798,2092.4309,123.102,131.102,0.147,0.0359,0.0873,3.6723,2.5302,3.6749,3.5795,1.0,57.15
9910.0,8.5,8.0506,2132.9075,3844.3298,2133.269,131.036,139.036,0.1447,0.0263,0.0822,3.4835,2.5363,3.459,3.4212,1.0,62.17
9910.5,8.5,8.0669,2132.9978,3809.8286,2103.408,130.742,138.742,0.1576,0.0285,0.0876,3.1965,2.5323,3.1964,3.1741,1.0,65.64
9911.0,8.5,8.1146,2133.0884,3721.0664,2059.8157,128.011,136.011,0.1527,0.0406,0.0941,3.3796,2.5163,3.3917,3.3319,1.0,59.42
9911.5,8.5,8.1489,2133.1787,3664.7124,2058.0535,132.9323,140.9323,0.1348,0.0359,0.087,3.3085,2.5187,3.2843,3.1944,1.0,56.84
9912.0,8.5,8.1592,2133.269,3626.3652,2022.8352,139.1326,147.1326,0.1163,0.0248,0.0754,2.9683,2.53,2.9262,2.8122,1.0,56.24
9912.5,8.5,8.2031,2133.3594,3599.8835,1991.4254,135.4989,143.4989,0.1145,0.0278,0.0759,2.9147,2.5295,2.9051,2.8326,1.0,53.5
9913.0,8.5,8.2212,2133.45,3591.5911,1978.0211,126.2305,134.2305,0.1174,0.0327,0.0776,3.1755,2.5322,3.1849,3.1159,1.0,49.79
9913.5,8.5,8.242,2133.5403,3637.0273,2010.3644,120.7297,128.7297,0.1227,0.0294,0.0748,3.2173,2.5442,3.2207,3.1232,1.0,50.43
9914.0,8.5,8.2482,2133.6306,3738.4414,2062.5391,123.004,131.004,0.1295,0.0188,0.0695,3.2126,2.559,3.203,3.1091,1.0,56.4
9914.5,8.5,8.2624,2133.7209,3792.3467,2087.7598,128.6769,136.6769,0.133,0.001,0.0594,3.2398,2.5809,3.2533,3.182,1.0,64.91
9915.0,8.5,8.285,2133.8115,3820.2383,2104.2764,130.1734,138.1734,0.1382,0.0,0.0522,3.3258,2.6033,3.3637,3.3241,1.0,71.98
9915.5,8.5,8.2899,2133.9019,3838.3799,2089.7009,130.4668,138.4668,0.1446,0.0,0.0511,3.4104,2.6062,3.4422,3.3983,1.0,75.07
9916.0,8.5,8.3345,2133.9922,3856.5437,2081.4326,131.896,139.896,0.1506,0.0,0.0609,3.4291,2.5895,3.4122,3.3468,1.0,74.92
9916.5,8.5,8.3374,2134.085,3835.8394,2071.8372,135.8342,143.8342,0.1601,0.0,0.0676,3.3643,2.5796,3.3216,3.2542,1.0,79.06
9917.0,8.5,8.3395,2134.178,3802.3381,2040.6223,140.9601,148.9601,0.174,0.0,0.0697,3.2686,2.5789,3.225,3.1495,1.0,87.77
9917.5,8.5,8.3371,2134.271,3742.9084,1999.681,141.5157,149.5157,0.1762,0.0,0.0726,3.136,2.5739,3.116,3.011,1.0,87.94
9918.0,8.5,8.3366,2134.364,3672.7273,1965.6184,139.1814,147.1814,0.1756,0.0002,0.0762,3.0496,2.5667,3.0486,2.9346,1.0,84.54
9918.5,8.5,8.3344,2134.457,3635.8823,1965.7161,137.7849,145.7849,0.1685,0.006,0.078,2.9845,2.5623,3.0068,2.9083,1.0,80.0
9919.0,8.5,8.3331,2134.55,3641.4292,1956.1522,137.6714,145.6714,0.1589,0.0064,0.0756,2.9489,2.5653,2.9857,2.9191,1.0,76.94
9919.5,8.5,8.3341,2134.6431,3656.158,1960.7769,135.3161,143.3161,0.1525,0.0044,0.0713,3.1299,2.5718,3.1758,3.1502,1.0,74.34
9920.0,8.5,8.3297,2134.7361,3738.3269,1990.3396,132.1995,140.1995,0.1373,0.0012,0.0634,3.4656,2.5833,3.4794,3.4553,1.0,69.08
9920.5,8.5,8.3293,2134.8291,3843.113,2022.2354,129.4556,137.4556,0.1352,0.0,0.0543,3.5927,2.5988,3.5738,3.5251,1.0,69.55
9921.0,8.5,8.3519,2134.9219,3872.2756,2054.4275,126.2457,134.2457,0.1342,0.0,0.0519,3.6154,2.5995,3.5955,3.5164,1.0,67.3
9921.5,8.5,8.3497,2135.0149,3883.5149,2101.6819,128.8675,136.8675,0.1401,0.0,0.0585,3.5309,2.5917,3.5348,3.4212,1.0,69.59
9922.0,8.5,8.3474,2135.1079,3831.6248,2103.8347,138.3179,146.3179,0.1476,0.0,0.0562,3.4105,2.5993,3.4054,3.2975,1.0,80.04
9922.5,8.5,8.2826,2135.2009,3811.3767,2053.3271,143.9673,151.9673,0.1582,0.0,0.047,3.2451,2.6188,3.2254,3.1486,1.0,92.29
9923.0,8.5,8.2626,2135.2939,3763.335,2014.6218,140.2416,148.2416,0.166,0.0,0.0408,3.2253,2.6303,3.1827,3.1298,1.0,95.29
9923.5,8.5,8.2582,2135.387,3706.3113,2022.4553,133.8462,141.8462,0.1571,0.0,0.0389,3.4685,2.631,3.4001,3.3112,1.0,87.28
9924.0,8.5,8.2447,2135.48,3737.7952,2043.0652,129.7689,137.7689,0.1556,0.0,0.0432,3.7654,2.6219,3.6435,3.469,1.0,81.94
9924.5,8.5,8.2358,2135.573,3754.5498,2056.7563,123.7165,131.7165,0.1514,0.0,0.0515,3.8648,2.6047,3.7303,3.4839,1.0,72.89
9925.0,8.5,8.1991,2135.666,3829.6895,2085.981,113.1756,121.1756,0.1496,0.0,0.0551,3.9743,2.5954,3.8447,3.5324,1.0,63.85
9925.5,8.5,8.1993,2135.759,3859.3367,2111.3911,103.2784,111.2784,0.1511,0.0076,0.0588,4.3389,2.5865,4.1935,3.8371,1.0,56.9
9926.0,8.5,8.1607,2135.8521,3853.5696,2157.7937,99.1554,107.1554,0.1349,0.0294,0.0705,5.1169,2.5623,4.9694,4.4632,1.0,45.61
9926.5,8.5,8.1151,2135.9451,3877.2561,2219.575,98.1139,106.1139,0.119,0.052,0.0843,5.8588,2.5316,5.6439,4.6775,1.0,35.96
9927.0,8.5,7.939,2136.0381,3917.0176,2288.199,94.442,102.442,0.1153,0.0665,0.0939,6.8297,2.51,6.5329,5.3993,1.0,30.38
9927.5,8.5,8.0012,2136.1311,3894.7498,2296.0261,88.0372,96.0372,0.1187,0.0772,0.1016,8.1034,2.4983,7.8101,6.5643,0.9288,27.03
9928.0,8.5,7.9126,2136.2241,3857.354,2314.2051,80.0475,88.0475,0.1139,0.0921,0.1106,9.0631,2.4792,8.6397,7.0022,0.8242,20.55
9928.5,8.5,7.9063,2136.3171,3949.0049,2349.4841,76.0496,84.0496,0.1105,0.1013,0.1166,11.7911,2.4659,11.5338,9.463,0.7217,17.01
9929.0,8.5,7.93,2136.4102,4106.1396,2401.1079,79.1849,87.1849,0.1112,0.1043,0.12,14.3382,2.4575,13.9871,10.5532,0.7379,17.35
9929.5,8.5,7.8959,2136.5032,4140.7925,2462.9626,85.0331,93.0331,0.1225,0.1177,0.1345,13.896,2.4297,13.0413,9.1623,0.7033,18.75
9930.0,8.5,7.8726,2136.5962,4145.5288,2513.8723,89.9149,97.9149,0.1328,0.126,0.1446,13.8339,2.4115,12.6876,8.7348,0.6565,20.64
9930.5,8.5,7.8812,2136.6892,4081.5125,2510.0715,93.2846,101.2846,0.1369,0.119,0.1406,12.7818,2.4212,11.6135,8.0678,0.7094,23.94
9931.0,8.5,7.8696,2136.7825,3936.6318,2416.7844,94.2245,102.2245,0.14,0.1123,0.136,11.9023,2.4325,10.8802,7.8217,0.7599,26.38
9931.5,8.5,7.8483,2136.8755,3788.2178,2328.5627,93.0968,101.0968,0.1392,0.1132,0.1363,11.6363,2.432,10.5658,7.9355,0.8058,25.68
9932.0,8.5,7.8439,2136.9685,3688.3804,2294.9871,93.9544,101.9544,0.1401,0.1138,0.1372,11.1218,2.4302,9.9878,7.677,0.8072,26.02
9932.5,8.5,7.8272,2137.0615,3725.824,2257.8213,98.3742,106.3742,0.1374,0.1114,0.1358,10.44,2.4295,9.3036,7.1848,0.8014,27.11
9933.0,8.5,7.7794,2137.1545,3792.9744,2241.9414,102.9773,110.9773,0.1417,0.1026,0.131,9.4098,2.4403,8.3754,6.5383,0.8294,31.51
9933.5,8.5,7.8024,2137.2476,3792.6675,2246.4326,108.7923,116.7923,0.1344,0.0821,0.1147,8.8529,2.469,8.136,6.7145,0.9667,36.23
9934.0,8.5,7.9006,2137.3406,3817.2339,2271.6262,115.2236,123.2236,0.1308,0.067,0.104,8.0476,2.4874,7.79,6.699,0.9859,41.05
9934.5,8.5,7.8185,2137.4336,3865.3472,2294.0078,113.1114,121.1114,0.1307,0.0583,0.0966,7.0033,2.5045,6.9801,6.1533,1.0,42.55
9935.0,8.5,8.0002,2137.5269,3971.9929,2315.1682,108.2564,116.2564,0.133,0.0489,0.0885,6.4095,2.5261,6.3701,5.9718,1.0,44.07
9935.5,8.5,7.9889,2137.6199,3985.9968,2327.5242,110.3843,118.3843,0.1426,0.0523,0.0944,6.1294,2.518,6.0432,6.0342,1.0,46.72
9936.0,8.5,8.0016,2137.7129,4084.9858,2325.7783,122.0732,130.0732,0.198,0.0,0.0,5.781,2.4793,5.6826,5.727,1.0,64.12
9936.5,8.5,7.9236,2137.8059,3957.0901,2301.8801,146.9962,154.9962,0.2804,0.0,0.0,5.4656,2.316,5.3021,5.2244,1.0,100.0
9937.0,8.5,7.9726,2137.8989,3529.5916,2242.9263,167.213,175.213,0.3177,0.0,0.0,4.9289,2.0816,4.7251,4.5849,1.0,100.0
9937.5,8.5,8.0945,2137.9919,3079.908,1813.2269,169.1156,177.1156,0.338,0.0,0.0,3.7862,2.1047,3.6409,3.4561,1.0,100.0
9938.0,8.5,8.1304,2138.0852,2732.3997,1813.2269,171.474,179.474,0.3217,0.0,0.0,2.9158,2.3467,2.8726,2.7457,1.0,100.0
9938.5,8.5,8.1365,2138.1782,2628.8372,1813.2269,174.8173,182.8173,0.27,0.0,0.0,2.6758,2.5016,2.6846,2.6215,1.0,100.0
9939.0,8.5,8.1863,2138.2712,2810.8772,1813.2269,165.4361,173.4361,0.2456,0.0,0.0,2.5053,2.5149,2.5194,2.4704,1.0,100.0
9939.5,8.5,8.1612,2138.3645,3039.168,1813.2269,154.6085,162.6085,0.2628,0.0,0.0,2.4713,2.4576,2.4763,2.4423,1.0,100.0
9940.0,8.5,8.1959,2138.4575,3104.9731,1813.2269,152.9832,160.9832,0.2554,0.0,0.0,2.6722,2.4365,2.6509,2.6214,1.0,100.0
9940.5,8.5,8.1704,2138.5508,3116.0068,1813.2269,157.0075,165.0075,0.2133,0.0,0.0,2.7761,2.5131,2.7321,2.672,1.0,100.0
9941.0,8.5,8.18,2138.6438,3101.542,1813.2269,156.3934,164.3934,0.2121,0.0,0.0694,2.7619,2.588,2.7248,2.6218,1.0,100.0
9941.5,8.5,8.179,2138.7368,3218.707,1813.2269,152.0723,160.0723,0.2173,0.0,0.0627,2.737,2.5999,2.7334,2.6211,1.0,100.0
9942.0,8.5,8.1861,2138.8301,3360.6072,1813.2269,145.5195,153.5195,0.2218,0.0,0.0646,2.6701,2.5954,2.6836,2.5981,1.0,100.0
9942.5,8.5,8.1776,2138.9231,3440.1846,1813.2269,132.4036,140.4036,0.1941,0.0,0.0637,2.6835,2.5903,2.6968,2.6498,1.0,91.99
9943.0,8.5,8.1635,2139.0164,3433.4263,1820.1862,123.4957,131.4957,0.1508,0.0039,0.0649,2.8567,2.5803,2.8671,2.8432,1.0,67.8
9943.5,8.5,8.1854,2139.1094,3442.543,1824.7891,123.0761,131.0761,0.1329,0.0061,0.0612,3.1599,2.5796,3.1675,3.1325,1.0,61.24
9944.0,8.5,8.238,2139.2024,3464.7388,1852.686,126.6807,134.6807,0.1417,0.0,0.0602,3.3565,2.5883,3.3611,3.2809,1.0,68.11
9944.5,8.5,8.2447,2139.2957,3575.0564,1908.1449,133.523,141.523,0.159,0.0,0.0621,3.3319,2.5888,3.3431,3.2495,1.0,78.97
9945.0,8.5,8.2297,2139.3887,3745.9719,1997.053,138.8673,146.8673,0.175,0.0,0.0679,3.2288,2.5818,3.2498,3.203,1.0,87.28
9945.5,8.5,8.2383,2139.4819,3866.8428,2042.4301,143.2007,151.2007,0.1894,0.0,0.0672,3.1477,2.5859,3.1593,3.146,1.0,97.05
9946.0,8.5,8.235,2139.575,3866.7151,2041.5833,146.7582,154.7582,0.1968,0.0,0.0603,3.1167,2.6003,3.0951,3.0897,1.0,100.0
9946.5,8.5,8.1973,2139.6682,3889.3625,2015.4838,148.2316,156.2316,0.2029,0.0,0.0611,3.1161,2.6,3.068,3.0264,1.0,100.0
9947.0,8.5,8.175,2139.7612,3909.8928,1966.5594,152.0724,160.0724,0.2233,0.0,0.0,3.0052,2.5829,2.9434,2.8193,1.0,100.0
9947.5,8.5,8.1537,2139.8542,3833.8274,1936.1663,156.655,164.655,0.2449,0.0,0.0,2.7343,2.5617,2.6844,2.5492,1.0,100.0
9948.0,8.5,8.1508,2139.9475,3614.9124,1907.6111,156.3459,164.3459,0.2423,0.0,0.0,2.5275,2.53,2.5081,2.4198,1.0,100.0
9948.5,8.5,8.1387,2140.0405,3392.23,1846.9011,153.0955,161.0955,0.2128,0.0,0.0,2.4555,2.4783,2.4647,2.3993,1.0,100.0
9949.0,8.5,7.9829,2140.1338,3332.7319,1782.8481,149.2308,157.2308,0.1881,0.0,0.0,2.7084,2.438,2.739,2.6813,1.0,100.0
9949.5,8.5,8.6767,2140.2268,3304.6345,1728.9388,146.126,154.126,0.1781,0.0,0.0,2.9913,2.4713,3.0114,2.951,1.0,100.0
9950.0,8.5,8.2177,2140.3201,3305.803,1714.7063,142.3675,150.3675,0.1674,0.0,0.0,3.1804,2.5469,3.1828,3.1345,1.0,79.53
9950.5,8.5,8.2315,2140.4131,3406.7058,1751.4462,135.1771,143.1771,0.1595,0.0,0.0638,3.3584,2.5863,3.3565,3.3117,1.0,79.75
9951.0,8.5,8.2486,2140.5063,3491.8291,1827.9924,129.4159,137.4159,0.1559,0.0,0.0609,3.5837,2.5897,3.6053,3.5568,1.0,75.26
9951.5,8.5,8.2926,2140.5994,3604.7668,1918.2261,129.0835,137.0835,0.1589,0.0022,0.0684,3.6764,2.5764,3.698,3.5933,1.0,73.52
9952.0,8.5,8.3056,2140.6926,3688.5139,1945.7576,131.196,139.196,0.1567,0.0106,0.0752,3.6204,2.5643,3.5955,3.4923,1.0,71.72
9952.5,8.5,8.3037,2140.7859,3764.176,1937.1791,132.6151,140.6151,0.151,0.008,0.0723,3.5295,2.569,3.4845,3.4081,1.0,71.48
9953.0,8.5,8.3097,2140.8789,3810.5952,1995.0895,131.4993,139.4993,0.1551,0.0065,0.0718,3.5711,2.5703,3.5238,3.4464,1.0,72.49
9953.5,8.5,8.3083,2140.9722,3833.3115,2046.562,131.2772,139.2772,0.1496,0.0141,0.076,3.6824,2.5619,3.6375,3.5138,1.0,68.78
9954.0,8.5,8.3023,2141.0652,3818.9749,2054.0137,130.5313,138.5313,0.1535,0.0174,0.0782,3.7211,2.5508,3.6772,3.4976,1.0,67.56
9954.5,8.5,8.3064,2141.1584,3799.8638,2063.0852,124.5602,132.5602,0.1593,0.0294,0.0866,3.5931,2.5384,3.5456,3.3681,1.0,63.57
9955.0,8.5,8.3001,2141.2515,3805.4478,2057.7104,119.1799,127.1799,0.1497,0.042,0.0914,3.4818,2.5247,3.4597,3.3427,1.0,54.82
9955.5,8.5,8.3012,2141.3447,3807.8389,2034.474,119.9285,127.9285,0.1368,0.0422,0.0881,3.5984,2.5237,3.6532,3.5843,1.0,51.02
9956.0,8.5,8.3092,2141.4377,3800.4797,2015.4425,122.5689,130.5689,0.135,0.0215,0.073,3.7224,2.5549,3.8152,3.716,1.0,57.25
9956.5,8.5,8.3082,2141.531,3776.7036,2001.2146,123.5243,131.5243,0.1548,0.0,0.0591,3.8017,2.5914,3.8628,3.8123,1.0,71.39
9957.0,8.5,8.33,2141.624,3787.1919,1999.5249,124.7757,132.7757,0.1662,0.0,0.0463,3.7842,2.6165,3.7695,3.804,1.0,81.45
9957.5,8.5,8.2928,2141.7173,3824.9939,2021.0941,135.3921,143.3921,0.1666,0.0,0.0376,3.5336,2.6349,3.4684,3.4875,1.0,92.99
9958.0,8.5,8.2912,2141.8105,3884.396,2060.9705,148.4647,156.4647,0.2094,0.0,0.0563,3.528,2.6097,3.4832,3.4259,1.0,100.0
9958.5,8.5,8.3239,2141.9036,3878.1882,2045.6445,153.5318,161.5318,0.2142,0.0025,0.0925,3.305,2.5454,3.2625,3.0749,1.0,100.0
9959.0,8.5,8.3066,2141.9968,3881.5369,2038.3256,151.5122,159.5122,0.1926,0.0335,0.1119,2.6568,2.507,2.6243,2.475,1.0,87.06
9959.5,8.5,8.3429,2142.0891,3851.7141,2048.9751,144.8154,152.8154,0.1772,0.0373,0.1072,2.3035,2.512,2.3065,2.2519,1.0,77.7
9960.0,8.5,8.2706,2142.1814,3730.4392,1931.9874,141.0396,149.0396,0.1539,0.0307,0.0943,2.2267,2.5316,2.2505,2.2411,1.0,70.67
9960.5,8.5,8.2589,2142.2737,3576.1887,1867.7821,142.5823,150.5823,0.1562,0.0183,0.0863,2.5287,2.5468,2.5552,2.5619,1.0,75.5
9961.0,8.5,8.2682,2142.3662,3391.5166,1806.2244,144.7172,152.7172,0.1714,0.0085,0.084,2.582,2.5533,2.5678,2.5128,1.0,83.95
9961.5,8.5,8.2771,2142.4585,3323.7734,1771.5791,148.8729,156.8729,0.1745,0.0058,0.085,2.5232,2.553,2.5006,2.4536,1.0,88.0
9962.0,8.5,8.3284,2142.5508,3394.4363,1786.2428,153.7838,161.7838,0.1835,0.0,0.0825,2.4795,2.5597,2.4665,2.4265,1.0,96.62
9962.5,8.5,8.2926,2142.6431,3520.3054,1851.3289,152.6987,160.6987,0.1918,0.0,0.0729,2.4076,2.578,2.3917,2.3679,1.0,100.0
9963.0,8.5,8.3248,2142.7354,3616.3533,1929.2494,149.1292,157.1292,0.2012,0.0,0.0689,2.3966,2.5858,2.3794,2.3504,1.0,100.0
9963.5,8.5,8.3282,2142.8279,3607.0835,1948.6011,147.6657,155.6657,0.2082,0.0,0.0717,2.3981,2.5812,2.3818,2.3211,1.0,100.0
9964.0,8.5,8.3205,2142.9202,3528.8604,1883.4614,145.601,153.601,0.1985,0.0,0.0701,2.4495,2.5824,2.4311,2.3413,1.0,100.0
9964.5,8.5,8.3191,2143.0125,3486.9314,1795.0847,141.7395,149.7395,0.1999,0.0,0.0687,2.5074,2.5842,2.4832,2.3949,1.0,100.0
9965.0,8.5,8.2971,2143.1047,3445.9563,1721.3386,138.8879,146.8879,0.1892,0.0,0.0678,2.6647,2.5837,2.646,2.5584,1.0,93.32
9965.5,8.5,8.3051,2143.197,3456.2996,1697.6434,133.3189,141.3189,0.1743,0.0,0.067,2.9864,2.582,2.9718,2.8542,1.0,83.2
9966.0,8.5,8.2991,2143.2896,3485.8147,1724.5847,121.9925,129.9925,0.1573,0.0113,0.0715,3.3668,2.5688,3.3513,3.1889,1.0,66.97
9966.5,8.5,8.2998,2143.3818,3549.5435,1770.8916,111.2693,119.2693,0.1435,0.0318,0.0794,3.6168,2.5503,3.6099,3.4451,1.0,52.8
9967.0,8.5,8.2949,2143.4741,3620.4731,1850.9994,107.2376,115.2376,0.1402,0.0429,0.0856,3.8904,2.5374,3.8747,3.7892,1.0,47.45
9967.5,8.5,8.2994,2143.5664,3684.6882,1935.173,108.1527,116.1527,0.1367,0.0442,0.086,4.2418,2.5341,4.2015,4.1378,1.0,46.36
9968.0,8.5,8.2864,2143.6587,3768.9094,2002.6045,110.7116,118.7116,0.1384,0.0278,0.0747,4.3206,2.5578,4.2509,4.0883,1.0,52.13
9968.5,8.5,8.2229,2143.7512,3850.2349,2048.5552,115.5871,123.5871,0.143,0.0,0.0515,4.1701,2.6016,4.1417,3.9446,1.0,64.21
9969.0,8.5,8.2246,2143.8435,3915.9961,2080.6555,121.4335,129.4335,0.151,0.0,0.0511,3.7141,2.6049,3.6946,3.5501,1.0,71.28
9969.5,8.5,8.2109,2143.9358,3952.5024,2113.7778,125.4389,133.4389,0.1677,0.0133,0.0774,3.3526,2.5604,3.3237,3.2639,1.0,71.19
9970.0,8.5,8.197,2144.0281,3971.2939,2118.1965,129.0346,137.0346,0.1797,0.0283,0.0935,3.1581,2.5335,3.1265,3.1361,1.0,72.53
9970.5,8.5,8.2141,2144.1204,3926.4133,2030.4244,131.9314,139.9314,0.2031,0.0,0.0,3.1078,2.521,3.0648,3.0952,1.0,100.0
9971.0,8.5,8.2035,2144.2129,3827.886,1937.1815,135.5905,143.5905,0.2472,0.0,0.0,3.0513,2.4762,2.9797,2.9571,1.0,100.0
9971.5,8.5,8.2137,2144.3052,3765.1477,1939.4865,142.4309,150.4309,0.2868,0.0,0.0,2.8747,2.4136,2.7749,2.7051,1.0,100.0
9972.0,8.5,8.203,2144.3975,3713.5591,1919.6421,150.6034,158.6034,0.2908,0.0,0.0,2.52,2.3705,2.4409,2.3323,1.0,100.0
9972.5,8.5,8.1368,2144.4897,3658.6685,1901.5225,161.9316,169.9316,0.2652,0.0,0.0,2.185,2.365,2.1612,2.0498,1.0,100.0
9973.0,8.5,8.1787,2144.5823,3602.5344,1967.4532,167.9087,175.9087,0.2131,0.0,0.0,2.0565,2.3799,2.0657,2.0121,1.0,100.0
9973.5,8.5,8.1378,2144.6746,3445.0801,1887.1523,156.5488,164.5488,0.1624,0.0,0.0,2.0355,2.4085,2.0396,2.0308,1.0,100.0
9974.0,8.5,8.2725,2144.7668,3222.7332,1801.6538,135.8219,143.8219,0.1398,0.0,0.0,2.182,2.4725,2.1732,2.1639,1.0,100.0
9974.5,8.5,8.2528,2144.8591,3047.491,1811.0486,122.5088,130.5088,0.152,0.0,0.0,2.5993,2.5315,2.591,2.5411,1.0,100.0
9975.0,8.5,8.2516,2144.9517,2993.0063,1820.5426,122.5946,130.5946,0.1657,0.0,0.0,2.7452,2.5579,2.7384,2.6178,1.0,100.0
9975.5,8.5,8.249,2145.0439,3080.1257,1830.136,130.8078,138.8078,0.1813,0.0,0.0675,2.5916,2.5813,2.6,2.5107,1.0,83.98
9976.0,8.5,8.2675,2145.1362,3320.9851,1839.832,140.5009,148.5009,0.1842,0.0,0.0563,2.5448,2.6044,2.5688,2.5518,1.0,97.11
9976.5,8.5,8.2769,2145.2285,3604.6904,1861.9506,145.9393,153.9393,0.186,0.0,0.0504,2.5978,2.6167,2.6103,2.6309,1.0,100.0
9977.0,8.5,8.2757,2145.321,3710.6882,1899.2902,144.1394,152.1394,0.1938,0.0,0.0497,2.6915,2.6187,2.6713,2.6877,1.0,100.0
9977.5,8.5,8.2247,2145.4133,3728.3445,1898.979,141.018,149.018,0.2074,0.0,0.0595,2.6693,2.6017,2.6173,2.5712,1.0,100.0
9978.0,8.5,8.1857,2145.5056,3678.9336,1905.0476,142.6177,150.6177,0.2362,0.0,0.088,2.4897,2.5539,2.4493,2.3579,1.0,100.0
9978.5,8.5,8.1377,2145.5979,3676.1558,1905.0084,148.0643,156.0643,0.2478,0.0323,0.1223,2.2787,2.494,2.2632,2.1756,1.0,100.0
9979.0,8.5,8.1954,2145.6904,3659.7358,1877.63,153.5215,161.5215,0.227,0.0495,0.1342,2.1353,2.4712,2.1488,2.0897,1.0,94.09
9979.5,8.5,8.2536,2145.7827,3586.6755,1821.939,154.9221,162.9221,0.2113,0.0321,0.1178,2.15,2.4994,2.1711,2.136,1.0,95.15
9980.0,8.5,8.2875,2145.875,3461.6069,1770.4203,150.3506,158.3506,0.1892,0.0192,0.0998,2.3786,2.5283,2.3983,2.3732,1.0,89.49
9980.5,8.5,8.3,2145.9673,3314.5024,1809.2059,145.4711,153.4711,0.1824,0.0134,0.0911,2.6207,2.542,2.6336,2.5857,1.0,86.32
9981.0,8.5,8.3068,2146.0598,3258.0359,1815.0798,142.9443,150.9443,0.1803,0.0,0.077,2.8454,2.5669,2.8608,2.7905,1.0,89.05
9981.5,8.5,8.324,2146.1521,3305.2583,1766.338,142.541,150.541,0.1748,0.0,0.0598,3.0114,2.5973,3.0262,2.9475,1.0,93.2
9982.0,8.5,8.3244,2146.2444,3447.137,1801.2896,143.0965,151.0965,0.1768,0.0,0.0534,3.1197,2.6093,3.1201,3.0636,1.0,97.09
9982.5,8.5,8.3178,2146.3369,3588.4534,1872.5442,142.2357,150.2357,0.1705,0.0,0.0614,3.1837,2.5937,3.1683,3.1437,1.0,90.48
9983.0,8.5,8.3086,2146.4292,3664.5845,1919.4752,139.7682,147.7682,0.1639,0.0,0.0701,3.3001,2.5764,3.2786,3.2268,1.0,82.52
9983.5,8.5,8.3194,2146.5215,3689.0007,1945.1741,138.7608,146.7608,0.1651,0.0,0.0727,3.4346,2.5716,3.3997,3.2697,1.0,81.28
9984.0,8.5,8.3069,2146.614,3692.5,1956.073,141.2201,149.2201,0.1662,0.0046,0.078,3.4938,2.5628,3.4134,3.2506,1.0,81.54
9984.5,8.5,8.2517,2146.7063,3712.7715,1973.2025,140.9844,148.9844,0.1616,0.0114,0.0818,3.3374,2.5553,3.2601,3.0986,1.0,78.13
9985.0,8.5,8.2517,2146.7986,3716.1895,2007.4727,137.5091,145.5091,0.1575,0.0112,0.0788,3.3121,2.5593,3.2796,3.1307,1.0,75.12
9985.5,8.5,8.2678,2146.8911,3670.8296,2008.6316,134.1601,142.1601,0.1466,0.0083,0.0721,3.743,2.5692,3.7672,3.6101,1.0,70.92
9986.0,8.5,8.2375,2146.9834,3604.8652,1984.0753,130.5194,138.5194,0.1411,0.0021,0.0643,3.9721,2.5818,4.0005,3.8818,1.0,69.08
9986.5,8.5,8.2404,2147.0757,3683.3213,1970.9172,125.6882,133.6882,0.1277,0.0,0.0533,4.4713,2.5926,4.5073,4.4776,1.0,63.38
9987.0,8.5,8.2454,2147.1682,3723.6985,1935.8711,120.822,128.822,0.1181,0.0,0.0501,5.0511,2.5962,5.0343,4.9123,1.0,57.87
9987.5,8.5,8.2375,2147.2605,3761.4724,1982.4854,114.5235,122.5235,0.1136,0.0072,0.0536,4.7507,2.5885,4.6648,4.4859,1.0,51.49
9988.0,8.5,8.2426,2147.3528,3847.688,2044.8636,108.468,116.468,0.1196,0.0246,0.0664,4.5732,2.5666,4.5058,4.3373,1.0,46.54
9988.5,8.5,8.2337,2147.4453,3895.5859,2112.0188,108.8167,116.8167,0.1257,0.0387,0.079,4.9863,2.5425,4.9561,4.8545,1.0,44.76
9989.0,8.5,8.2451,2147.5376,4005.5247,2191.1145,113.9163,121.9163,0.1273,0.0411,0.0828,4.4921,2.5326,4.4317,4.2308,1.0,46.34
9989.5,8.5,8.2113,2147.6299,4115.9487,2302.5652,117.7253,125.7253,0.1308,0.0362,0.0812,4.4564,2.5364,4.4145,4.1871,1.0,50.07
9990.0,8.5,8.1974,2147.7224,4119.7266,2340.5071,116.9737,124.9737,0.1354,0.0339,0.0806,4.4471,2.541,4.4432,4.1884,1.0,51.84
9990.5,8.5,8.102,2147.8147,4043.658,2295.9241,113.6475,121.6475,0.1399,0.0378,0.0837,4.4035,2.5384,4.4323,4.1935,1.0,50.98
9991.0,8.5,8.086,2147.907,3976.4441,2289.7219,110.64,118.64,0.1386,0.0445,0.0874,4.3859,2.5308,4.4234,4.2678,1.0,47.73
9991.5,8.5,7.8683,2147.9995,3970.0732,2271.1318,107.146,115.146,0.1355,0.0524,0.0916,4.5777,2.5214,4.599,4.5443,1.0,43.5
9992.0,8.5,8.0115,2148.0918,3948.7952,2242.0569,103.5536,111.5536,0.1315,0.0582,0.0939,4.7507,2.5156,4.7324,4.6625,1.0,39.69
9992.5,8.5,8.0298,2148.1843,3911.8247,2205.8105,101.1391,109.1391,0.1297,0.0627,0.0963,4.5648,2.5104,4.4663,4.2569,1.0,37.27
9993.0,8.5,7.9976,2148.2766,3879.1016,2183.9536,99.2717,107.2717,0.1375,0.072,0.1049,4.0957,2.497,3.9523,3.7225,1.0,36.56
9993.5,8.5,7.8877,2148.3691,3855.251,2168.9937,102.2135,110.2135,0.1527,0.0766,0.1132,3.4418,2.4865,3.3395,3.1703,1.0,40.59
9994.0,8.5,8.014,2148.4614,3889.3821,2209.948,117.1341,125.1341,0.1644,0.0729,0.1179,3.0561,2.4757,3.0045,2.8924,1.0,50.0
9994.5,8.5,8.1932,2148.5537,3927.5012,2231.78,132.2053,140.2053,0.1724,0.0638,0.1183,2.9836,2.4723,2.9581,2.8532,1.0,60.51
9995.0,8.5,8.1853,2148.6462,3923.4465,2263.2432,130.6214,138.6214,0.1929,0.0494,0.1137,2.8642,2.499,2.8309,2.7146,1.0,71.47
9995.5,8.5,8.1893,2148.7385,3855.2073,2177.8584,130.579,138.579,0.1904,0.0286,0.0973,2.8095,2.5284,2.7779,2.6856,1.0,76.35
9996.0,8.5,8.2015,2148.8311,3681.1147,2012.2982,138.1124,146.1124,0.1663,0.0171,0.0859,2.8827,2.5478,2.8635,2.7894,1.0,76.45
9996.5,8.5,8.246,2148.9233,3537.272,1915.5691,139.5044,147.5044,0.1684,0.0,0.0739,3.0292,2.5701,3.0262,2.9585,1.0,82.73
9997.0,8.5,8.2275,2149.0159,3498.4377,1872.7246,139.1221,147.1221,0.1692,0.0,0.061,3.1584,2.5935,3.1654,3.0956,1.0,87.73
9997.5,8.5,8.225,2149.1082,3502.1763,1869.7953,138.6021,146.6021,0.1772,0.0,0.0496,3.2296,2.6153,3.2556,3.1845,1.0,95.27
9998.0,8.5,8.2163,2149.2007,3575.2407,1929.6781,134.6396,142.6396,0.1794,0.0,0.0434,3.3257,2.6259,3.3665,3.3215,1.0,95.63
9998.5,8.5,8.2236,2149.293,3669.6274,1975.484,130.2879,138.2879,0.181,0.0,0.0421,3.4029,2.6274,3.4553,3.434,1.0,93.4
9999.0,8.5,8.2137,2149.3853,3697.4404,1945.2993,125.978,133.978,0.1817,0.0,0.0452,3.4337,2.6208,3.4866,3.4685,1.0,89.14
9999.5,8.5,8.2047,2149.4778,3732.6914,1980.6587,125.0117,133.0117,0.1766,0.0,0.0625,3.5092,2.5884,3.565,3.5465,1.0,79.72
10000.0,8.5,8.1984,2149.5701,3751.2183,2002.8242,125.2043,133.2043,0.1641,0.016,0.0784,3.6442,2.558,3.6656,3.647,1.0,69.32
10000.5,8.5,8.1883,2149.6626,3763.9619,2002.2847,120.7346,128.7346,0.1534,0.0142,0.0722,3.5945,2.5667,3.5649,3.5084,1.0,64.47
10001.0,8.5,8.1671,2149.7549,3779.1245,2016.8749,116.5463,124.5463,0.1444,0.0141,0.068,3.5589,2.5722,3.5057,3.4172,1.0,59.92
10001.5,8.5,8.1549,2149.8474,3816.7942,2050.9189,118.3768,126.3768,0.1467,0.0275,0.0795,3.5642,2.5497,3.4608,3.3204,1.0,57.75
10002.0,8.5,8.1642,2149.9397,3815.4272,2064.0798,122.8244,130.8244,0.1486,0.0312,0.0842,3.5838,2.5381,3.4316,3.259,1.0,58.92
10002.5,8.5,8.1327,2150.0322,3840.4888,2072.3218,125.7591,133.7591,0.1555,0.0249,0.0826,3.5729,2.5445,3.3711,3.1603,1.0,64.13
10003.0,8.5,8.1261,2150.1245,3849.9822,2100.7505,128.708,136.708,0.1614,0.0288,0.0882,3.5968,2.5341,3.3167,3.0668,1.0,66.02
10003.5,8.5,8.0398,2150.217,3832.5259,2095.0066,131.1238,139.1238,0.166,0.0428,0.1006,3.8562,2.5081,3.5359,3.2485,1.0,64.24
10004.0,8.5,7.9996,2150.3093,3798.0222,2068.874,132.5982,140.5982,0.1626,0.0439,0.101,4.2124,2.5047,3.841,3.3782,1.0,63.37
10004.5,8.5,7.9766,2150.4016,3758.9116,2065.0881,131.3122,139.3122,0.1539,0.044,0.098,4.6176,2.5066,4.1957,3.4845,1.0,60.03
10005.0,8.5,7.9753,2150.4941,3700.9292,2030.5029,126.5657,134.5657,0.1538,0.0613,0.1093,5.1109,2.484,4.6179,3.7183,1.0,53.35
10005.5,8.5,7.9081,2150.5864,3665.1311,2016.197,120.8036,128.8036,0.152,0.0797,0.1209,5.6815,2.4601,5.1794,3.9942,0.9302,45.78
10006.0,8.5,7.9273,2150.679,3664.0781,2035.2157,114.8562,122.8562,0.1429,0.0982,0.1311,6.4807,2.4351,6.0894,4.7386,0.7829,36.52
10006.5,8.5,7.7585,2150.7712,3676.0581,2045.2189,107.1771,115.1771,0.1374,0.1227,0.1471,8.8482,2.4004,8.663,6.9859,0.6523,27.11
10007.0,8.5,7.7301,2150.8638,3715.4556,2136.4766,87.4362,95.4362,0.127,0.1478,0.161,11.2191,2.3734,11.0043,8.5402,0.5199,14.67
10007.5,8.5,7.7131,2150.9561,3726.3848,2142.2217,66.3935,74.3935,0.1176,0.1779,0.1837,12.882,2.3225,12.8115,9.7353,0.3553,6.44
10008.0,8.5,7.6826,2151.0486,3720.9077,2100.613,62.2093,70.2093,0.1117,0.2103,0.215,15.2662,2.239,15.5549,12.6889,0.2675,5.29
10008.5,8.5,7.7264,2151.1409,3760.1172,2103.8376,64.6406,72.6406,0.11,0.2311,0.2364,17.1733,2.1814,17.145,15.3077,0.2468,5.87
10009.0,8.5,7.7311,2151.2334,3701.1404,2101.5166,64.8737,72.8737,0.1102,0.2407,0.246,14.8344,2.157,13.5651,11.4401,0.2882,5.92
10009.5,8.5,7.7228,2151.3257,3539.9587,2048.9116,67.2966,75.2966,0.1122,0.2442,0.2502,12.6187,2.1468,10.7488,8.6567,0.3,6.65
10010.0,8.5,7.7259,2151.4182,3382.0408,1992.9189,74.6277,82.6277,0.1166,0.2375,0.2451,10.099,2.1601,8.4169,6.7249,0.3574,8.52
10010.5,8.5,7.7678,2151.5105,3262.9185,1941.4037,90.5648,98.5648,0.1368,0.223,0.2348,7.2812,2.1977,6.2255,5.0704,0.4132,13.07
10011.0,8.5,7.8007,2151.603,3197.4858,1926.4839,123.6295,131.6295,0.1596,0.1869,0.2091,4.8886,2.2668,4.3402,3.6431,0.4632,24.72
10011.5,8.5,8.0929,2151.6953,3190.9514,1914.1208,158.1187,166.1187,0.1961,0.1127,0.1697,4.3986,2.3596,4.0897,3.5928,0.5869,63.35
10012.0,8.5,8.1607,2151.7878,3176.7737,1867.21,163.877,171.877,0.2295,0.0719,0.1567,4.2472,2.433,4.0585,3.5921,0.6774,94.19
10012.5,8.5,8.1268,2151.8801,3093.9795,1801.23,152.4961,160.4961,0.1979,0.0594,0.133,4.4508,2.4696,4.2641,3.7592,0.8079,81.86
10013.0,8.5,8.0825,2151.9727,3067.2593,1745.9294,141.1649,149.1649,0.1773,0.0665,0.1277,4.8883,2.4743,4.6733,4.0736,0.8816,67.97
10013.5,8.5,7.9819,2152.0669,3072.7356,1720.3534,126.0993,134.0993,0.1523,0.076,0.1198,5.4605,2.46,5.2848,4.4994,0.9439,48.65
10014.0,8.5,7.8277,2152.1619,3189.3689,1741.3381,111.4486,119.4486,0.1395,0.0949,0.1267,5.7157,2.4444,5.5483,4.5946,0.9449,35.35
10014.5,8.5,7.8661,2152.2571,3374.2158,1830.0173,104.1508,112.1508,0.1472,0.1091,0.1378,6.376,2.4282,6.3446,5.6329,0.8622,31.79
10015.0,8.5,7.8171,2152.3521,3564.2412,1987.1279,102.6968,110.6968,0.1459,0.1096,0.1374,6.86,2.4288,6.8224,6.0156,0.8289,30.89
10015.5,8.5,7.8661,2152.447,3710.0513,2140.6658,100.7319,108.7319,0.146,0.0978,0.1276,6.7606,2.4515,6.4041,5.3106,0.9244,33.11
10016.0,8.5,7.7714,2152.5422,3754.7905,2256.1248,95.9874,103.9874,0.1457,0.1066,0.1332,6.811,2.4412,6.3594,5.4257,0.8005,29.56
10016.5,8.5,7.713,2152.6372,3757.6926,2274.5369,94.6638,102.6638,0.1422,0.1299,0.1509,6.2341,2.4011,5.8603,5.232,0.6624,23.28
10017.0,8.5,7.7179,2152.7322,3718.3518,2255.8193,99.4672,107.4672,0.1459,0.1253,0.1491,5.7165,2.4047,5.4968,5.1076,0.6657,26.44
10017.5,8.5,7.7656,2152.8274,3676.4619,2218.1082,106.5025,114.5025,0.148,0.0898,0.1234,5.5018,2.459,5.3271,4.9858,0.8245,37.36
10018.0,8.5,7.9564,2152.9224,3705.739,2188.3662,112.0844,120.0844,0.1456,0.0556,0.0982,5.1888,2.5106,5.0049,4.6542,1.0,47.32
10018.5,8.5,8.0669,2153.0173,3784.6523,2187.1616,114.7394,122.7394,0.1451,0.0468,0.0922,4.7167,2.5222,4.6205,4.2858,1.0,50.5
10019.0,8.5,8.0587,2153.1125,3828.6213,2190.6592,116.0426,124.0426,0.1507,0.0557,0.1009,4.6491,2.5058,4.6588,4.4002,1.0,50.23
10019.5,8.5,8.0153,2153.2075,3857.7202,2219.8059,118.3956,126.3956,0.1479,0.0581,0.1027,4.5988,2.499,4.6339,4.4628,1.0,49.53
10020.0,8.5,8.0272,2153.3027,3897.813,2249.7402,120.0325,128.0325,0.1464,0.0482,0.0953,4.5473,2.5136,4.5847,4.453,1.0,52.4
10020.5,8.5,8.0625,2153.3977,3890.1516,2250.2021,121.035,129.035,0.1561,0.0394,0.0918,4.4395,2.5266,4.422,4.2379,1.0,58.29
10021.0,8.5,8.0806,2153.4927,3906.3652,2200.6108,121.1351,129.1351,0.159,0.0432,0.0955,4.3557,2.5201,4.3087,4.1819,1.0,58.15
10021.5,8.5,7.9756,2153.5879,3869.4934,2214.3743,120.2112,128.2112,0.1558,0.0548,0.1029,4.191,2.5023,4.1704,4.0926,1.0,53.51
10022.0,8.5,7.9394,2153.6829,3835.4048,2246.7256,125.2991,133.2991,0.1587,0.0501,0.1019,3.7863,2.5037,3.7883,3.6829,1.0,57.56
10022.5,8.5,7.9981,2153.7778,3862.457,2257.8833,135.4873,143.4873,0.1655,0.0282,0.0929,3.5534,2.5344,3.5326,3.4482,1.0,71.81
10023.0,8.5,8.1254,2153.873,3882.031,2266.4675,141.1137,149.1137,0.1895,0.0019,0.0824,3.3171,2.5578,3.2517,3.1871,1.0,89.38
10023.5,8.5,8.1161,2153.968,3829.7856,2235.9614,145.5952,153.5952,0.2058,0.0,0.0795,3.1822,2.5661,3.0229,2.9625,1.0,100.0
10024.0,8.5,8.1412,2154.0625,3847.4695,2202.2676,150.0784,158.0784,0.2013,0.0,0.0763,3.2973,2.5724,3.0469,2.9611,1.0,100.0
10024.5,8.5,8.2115,2154.1567,3784.1494,2149.135,151.9117,159.9117,0.2148,0.0,0.0861,3.4576,2.5567,3.208,2.9815,1.0,100.0
10025.0,8.5,8.2178,2154.251,3659.5688,2089.741,151.7954,159.7954,0.2304,0.0,0.0816,3.4081,2.5197,3.2182,2.8172,1.0,100.0
10025.5,8.5,8.2212,2154.3452,3565.5964,2010.9601,150.3583,158.3583,0.2521,0.0,0.0777,3.4791,2.4978,3.3748,2.9719,1.0,100.0
10026.0,8.5,8.2358,2154.4392,3428.1008,1925.8094,144.812,152.812,0.3021,0.0,0.0786,3.8037,2.4745,3.8284,3.4491,1.0,100.0
10026.5,8.5,8.2342,2154.5334,3353.7441,1839.1238,125.0106,133.0106,0.3609,0.0,0.0,4.2081,2.3019,4.3716,4.1217,1.0,100.0
10027.0,8.5,8.1395,2154.6277,3352.4236,1769.8539,94.4761,102.4761,0.4041,0.0,0.0,6.6096,1.9605,7.4642,7.9692,1.0,100.0
10027.5,8.5,8.2094,2154.7219,3275.3733,1750.9313,74.5006,82.5006,0.4323,0.0,0.0,9.7766,1.671,11.3007,13.172,1.0,100.0
10028.0,8.5,8.2108,2154.8162,3042.8391,1934.5012,62.9595,70.9595,0.478,0.0,0.0,12.0648,1.4916,13.5228,17.2116,1.0,100.0
10028.5,8.5,8.2357,2154.9102,2777.5295,1934.5012,50.0594,58.0594,0.4894,0.0,0.0,12.5869,1.3416,13.1907,16.2436,1.0,100.0
10029.0,8.5,8.2169,2155.0044,2516.949,1934.5012,45.6706,53.6706,0.496,0.0,0.0,10.8859,1.2488,10.6722,11.3785,1.0,100.0
10029.5,8.5,8.2162,2155.0986,2326.2043,1934.5012,58.3128,66.3128,0.5221,0.0,0.0,8.0124,1.2316,7.5807,7.252,1.0,100.0
10030.0,8.5,8.2092,2155.1929,2267.3831,1934.5012,79.4183,87.4183,0.4648,0.0,0.0,4.3603,1.2529,4.0558,3.6098,1.0,100.0
10030.5,8.5,8.2153,2155.2869,2243.3818,1934.5012,94.0954,102.0954,0.4253,0.0,0.0,2.3207,1.3873,2.2374,2.0857,1.0,100.0
10031.0,8.5,8.2296,2155.3811,2229.0837,1934.5012,100.4128,108.4128,0.412,0.0,0.0,1.804,1.7247,1.8075,1.7828,1.0,100.0
10031.5,8.5,8.5383,2155.4753,2244.1697,1934.5012,103.673,111.673,0.3624,0.0,0.0,1.7037,2.094,1.7069,1.6813,1.0,100.0
10032.0,8.5,8.3626,2155.5696,2274.8577,1934.5012,104.8413,112.8413,0.3473,0.0,0.0,1.7053,2.2928,1.6746,1.634,1.0,67.95
10032.5,8.5,8.1834,2155.6638,2378.3403,1934.5012,103.9786,111.9786,0.3308,0.0,0.0,1.7055,2.3536,1.6514,1.6064,1.0,73.57
10033.0,8.5,8.1383,2155.7578,2605.1528,1934.5012,103.6747,111.6747,0.3169,0.0,0.0,1.7062,2.3657,1.6411,1.5997,1.0,70.95
10033.5,8.5,8.1555,2155.8521,2797.9397,1934.5012,104.1508,112.1508,0.3357,0.0,0.0,1.7164,2.3712,1.668,1.6284,1.0,78.92
10034.0,8.5,8.1058,2155.9463,2949.3389,1934.5012,104.8869,112.8869,0.3518,0.0,0.0,1.7379,2.3774,1.7106,1.6498,1.0,86.57
10034.5,8.5,8.1339,2156.0408,2999.6545,1934.5012,105.7068,113.7068,0.3477,0.0,0.0,1.769,2.3715,1.7624,1.6777,1.0,84.39
10035.0,8.5,8.2843,2156.136,3023.3354,1934.5012,107.5908,115.5908,0.3401,0.0,0.0,1.8128,2.3464,1.8208,1.7288,1.0,100.0
10035.5,8.5,7.8162,2156.231,3035.8567,1934.5012,112.2776,120.2776,0.347,0.0,0.0,1.8359,2.3105,1.8562,1.7804,1.0,100.0
10036.0,8.5,7.8691,2156.3262,3044.1643,1934.5012,117.5805,125.5805,0.3468,0.0,0.0,1.8683,2.2766,1.9003,1.8453,1.0,100.0
10036.5,8.5,8.1176,2156.4211,3122.3335,1934.5012,111.1664,119.1664,0.3367,0.0,0.0,1.9177,2.2888,1.9611,1.9279,1.0,100.0
10037.0,8.5,8.197,2156.5164,3289.7188,1934.5012,98.0371,106.0371,0.2696,0.0,0.0,2.3258,2.379,2.385,2.4088,1.0,100.0
10037.5,8.5,8.2066,2156.6113,3195.5415,1934.5012,97.4949,105.4949,0.1707,0.0,0.0,3.1016,2.4662,3.1452,3.1989,1.0,40.17
10038.0,8.5,8.1941,2156.7063,3058.8098,1934.5012,112.0015,120.0015,0.1317,0.0576,0.096,3.4383,2.507,3.3868,3.371,1.0,42.66
10038.5,8.5,8.1992,2156.8015,3074.3628,1934.5012,130.8308,138.8308,0.1648,0.0375,0.0963,3.5843,2.5172,3.4788,3.4038,1.0,65.33
10039.0,8.5,8.1868,2156.8965,3202.9358,1934.5012,146.6601,154.6601,0.1904,0.0315,0.1073,3.3821,2.5139,3.3302,3.1645,0.9398,84.28
10039.5,8.5,8.203,2156.9917,3375.6995,1934.5012,158.1019,166.1019,0.2166,0.0196,0.1096,3.0775,2.5156,3.0908,2.9094,1.0,100.0
10040.0,8.5,8.184,2157.0867,3617.8169,1934.5012,154.7089,162.7089,0.2057,0.0336,0.1171,2.8483,2.4998,2.879,2.7653,0.9696,92.88
10040.5,8.5,8.3199,2157.1819,3878.3064,1934.5012,138.654,146.654,0.175,0.0606,0.1189,2.6648,2.4694,2.6998,2.6399,0.9326,64.73
10041.0,8.5,8.114,2157.2769,3797.8279,1934.5012,132.415,140.415,0.1728,0.0729,0.1252,2.6743,2.4572,2.6944,2.7004,0.8581,58.06
10041.5,8.5,8.1207,2157.3721,3616.3147,1796.3226,140.8814,148.8814,0.2288,0.051,0.1293,3.0552,2.4774,3.0696,3.1104,0.7945,87.06
10042.0,8.5,8.1406,2157.467,3459.9404,1758.479,147.255,155.255,0.2239,0.024,0.1114,3.3384,2.5108,3.2957,3.2398,0.9264,97.07
10042.5,8.5,8.1501,2157.562,3483.3848,1813.7556,146.2898,154.2898,0.2123,0.0149,0.1009,3.2278,2.5282,3.1704,3.0402,1.0,95.61
10043.0,8.5,7.9264,2157.6572,3567.2236,1940.4163,145.7728,153.7728,0.2133,0.0116,0.0985,3.031,2.5325,2.9937,2.8728,1.0,96.59
10043.5,8.5,7.6348,2157.7522,3694.478,2054.541,146.5832,154.5832,0.2115,0.0,0.0894,2.869,2.5491,2.8609,2.7791,1.0,100.0
10044.0,8.5,7.8458,2157.8474,3776.8157,2053.7244,148.2657,156.2657,0.2004,0.0,0.0699,2.8099,2.5836,2.8118,2.7481,1.0,100.0
10044.5,8.5,8.2519,2157.9424,3681.1147,1947.0503,152.0369,160.0369,0.1757,0.0,0.0532,2.8823,2.6118,2.8719,2.7913,1.0,100.0
10045.0,8.5,8.3369,2158.0371,3572.542,1862.1337,151.5787,159.5787,0.1724,0.0,0.0505,3.0434,2.6162,3.0298,2.9363,1.0,100.0
10045.5,8.5,8.3394,2158.1313,3508.6548,1823.9974,145.1927,153.1927,0.1778,0.0,0.0594,3.1747,2.599,3.1618,3.0656,1.0,96.74
10046.0,8.5,8.3221,2158.2256,3512.0264,1826.3757,139.4775,147.4775,0.1744,0.0,0.0686,3.2341,2.5806,3.2426,3.1523,1.0,87.23
10046.5,8.5,8.3156,2158.3198,3558.7146,1869.1543,134.9952,142.9952,0.1652,0.0,0.0576,3.3827,2.5982,3.4009,3.3291,1.0,84.26
10047.0,8.5,8.3179,2158.4141,3640.2769,1913.0444,133.4638,141.4638,0.1634,0.0,0.0354,3.6179,2.6381,3.6504,3.6069,1.0,91.01
10047.5,8.5,8.3151,2158.5081,3725.5281,1947.3749,132.6102,140.6102,0.1626,0.0,0.0325,3.7782,2.643,3.8046,3.7588,1.0,91.15
10048.0,8.5,8.2963,2158.6023,3795.7231,1986.3705,127.8372,135.8372,0.1671,0.0,0.0274,3.9179,2.6518,3.9231,3.8873,1.0,91.46
10048.5,8.5,8.2874,2158.6965,3840.7595,2036.4095,127.9026,135.9026,0.1708,0.0,0.0091,4.0853,2.6858,4.0614,4.0067,1.0,100.0
10049.0,8.5,8.2726,2158.7908,3889.3276,2059.8242,134.7822,142.7822,0.1662,0.0,0.0147,4.0937,2.6767,4.0459,3.9552,1.0,100.0
10049.5,8.5,8.2796,2158.885,3929.0854,2084.1709,140.3392,148.3392,0.1657,0.0,0.0336,3.9734,2.6433,3.9477,3.827,1.0,98.14
10050.0,8.5,8.2692,2158.979,3916.9978,2087.1982,140.7755,148.7755,0.1688,0.0,0.0481,3.847,2.6174,3.8518,3.7404,1.0,93.94
10050.5,8.5,8.2907,2159.0732,3866.97,2115.9409,135.8715,143.8715,0.1603,0.0,0.057,3.7549,2.5988,3.7892,3.7204,1.0,83.12
10051.0,8.5,8.2662,2159.1675,3838.8345,2154.0439,130.2614,138.2614,0.1529,0.0,0.055,3.7075,2.6001,3.7451,3.723,1.0,76.79
10051.5,8.5,8.2674,2159.2617,3848.689,2205.2695,129.6111,137.6111,0.1535,0.0,0.0536,3.7823,2.6026,3.8385,3.8395,1.0,77.1
10052.0,8.5,8.2871,2159.356,3866.3423,2262.5291,133.0543,141.0543,0.163,0.0,0.0603,3.885,2.5925,3.939,3.9137,1.0,80.92
10052.5,8.5,8.3005,2159.4502,3877.917,2171.9163,136.9403,144.9403,0.1706,0.0,0.0681,3.816,2.5803,3.8193,3.793,1.0,83.92
10053.0,8.5,8.2976,2159.5442,3883.5,2172.0044,136.7925,144.7925,0.1744,0.0,0.073,3.5906,2.5718,3.5582,3.5007,1.0,83.5
10053.5,8.5,8.3076,2159.6384,3904.3535,2168.6526,141.5254,149.5254,0.1797,0.0,0.0771,3.3512,2.5662,3.3276,3.2428,1.0,87.68
10054.0,8.5,8.3052,2159.7327,3912.312,2147.3103,149.4407,157.4407,0.1858,0.0,0.0793,3.2949,2.5649,3.2974,3.2284,1.0,95.5
10054.5,8.5,8.3074,2159.8269,3829.9973,2095.9878,152.5171,160.5171,0.1897,0.0,0.0773,3.0782,2.5698,3.0774,2.992,1.0,100.0
10055.0,8.5,8.3006,2159.9211,3743.6484,1983.369,152.476,160.476,0.1832,0.0,0.0701,2.8263,2.582,2.8381,2.7756,1.0,100.0
10055.5,8.5,8.3071,2160.0154,3692.9387,1986.7058,146.2001,154.2001,0.1765,0.0,0.0618,2.9043,2.5947,2.9242,2.8953,1.0,95.98
10056.0,8.5,8.307,2160.1106,3602.8369,1924.2583,139.8711,147.8711,0.1707,0.0,0.0531,3.0659,2.6084,3.0697,3.0327,1.0,92.06
10056.5,8.5,8.3166,2160.2056,3559.5583,1875.3311,139.9786,147.9786,0.1711,0.0,0.048,3.1545,2.6178,3.1433,3.0714,1.0,94.38
10057.0,8.5,8.3116,2160.3008,3538.126,1847.9816,141.7058,149.7058,0.1706,0.0,0.0542,3.1915,2.6068,3.1734,3.098,1.0,93.0
10057.5,8.5,8.295,2160.3958,3561.5176,1842.8198,143.0479,151.0479,0.1681,0.0,0.0619,3.2023,2.5928,3.1882,3.1132,1.0,89.92
10058.0,8.5,8.2839,2160.491,3600.9001,1877.5779,144.9438,152.9438,0.1651,0.0,0.0669,3.1925,2.5837,3.1947,3.1162,1.0,88.11
10058.5,8.5,8.292,2160.5859,3631.9006,1918.8494,145.6598,153.6598,0.1632,0.0,0.0742,3.2171,2.5704,3.2172,3.1381,1.0,85.06
10059.0,8.5,8.2922,2160.6809,3646.8884,1938.0743,142.1933,150.1933,0.1655,0.0034,0.0774,3.2368,2.564,3.2333,3.1481,1.0,82.22
10059.5,8.5,8.3015,2160.7761,3644.1675,1942.9135,136.8882,144.8882,0.1631,0.0056,0.0758,3.2767,2.5653,3.2628,3.1876,1.0,77.99
10060.0,8.5,8.2995,2160.8711,3625.7056,1953.7799,133.7674,141.7674,0.173,0.0056,0.077,3.4134,2.5638,3.3966,3.3259,1.0,79.27
10060.5,8.5,8.2975,2160.9663,3603.3735,1947.7856,131.1523,139.1523,0.1743,0.0113,0.0803,3.5306,2.5573,3.5115,3.4275,1.0,76.67
10061.0,8.5,8.3017,2161.0613,3607.583,1920.1393,131.081,139.081,0.1711,0.0167,0.0835,3.5811,2.5511,3.5545,3.4429,1.0,74.25
10061.5,8.5,8.3079,2161.1565,3614.1792,1909.5662,134.8784,142.8784,0.1698,0.0147,0.0835,3.6158,2.5518,3.5899,3.4672,1.0,76.4
10062.0,8.5,8.3026,2161.2515,3631.3037,1919.5212,136.5085,144.5085,0.1685,0.0121,0.0819,3.6269,2.5548,3.5971,3.4711,1.0,77.6
10062.5,8.5,8.2956,2161.3467,3621.4622,1976.2974,136.9015,144.9015,0.17,0.012,0.0824,3.636,2.5542,3.6059,3.4888,1.0,78.29
10063.0,8.5,8.2876,2161.4417,3578.3259,1982.3759,134.9884,142.9884,0.1679,0.012,0.0809,3.6965,2.5562,3.6736,3.5526,1.0,76.65
10063.5,8.5,8.2884,2161.5369,3548.8284,1947.177,129.8853,137.8853,0.1629,0.0155,0.0799,3.7857,2.5563,3.7597,3.6411,1.0,71.52
10064.0,8.5,8.2906,2161.6318,3537.2102,1984.3556,126.007,134.007,0.1625,0.0219,0.0826,3.8629,2.5485,3.8387,3.7039,1.0,67.44
10064.5,8.5,8.2915,2161.7271,3541.6284,1977.0563,125.0984,133.0984,0.162,0.0274,0.0862,3.8873,2.5408,3.8638,3.7224,1.0,65.28
10065.0,8.5,8.2899,2161.822,3560.1113,1908.8846,123.8444,131.8444,0.1579,0.0311,0.0872,3.9058,2.5366,3.9187,3.781,1.0,62.34
10065.5,8.5,8.3007,2161.9172,3584.3557,1947.0142,121.9306,129.9306,0.1572,0.0327,0.0875,3.9082,2.5364,3.9497,3.8357,1.0,60.92
10066.0,8.5,8.2939,2162.0122,3601.9768,1930.4517,124.5946,132.5946,0.1595,0.0266,0.0846,3.8652,2.5429,3.9046,3.8234,1.0,64.49
10066.5,8.5,8.292,2162.1064,3604.6689,1920.4875,127.8171,135.8171,0.1586,0.0206,0.0811,3.8702,2.5486,3.8596,3.8205,1.0,67.22
10067.0,8.5,8.2803,2162.2004,3616.0916,1954.618,127.2824,135.2824,0.1637,0.0225,0.0842,3.9303,2.5479,3.7769,3.7379,1.0,68.54
10067.5,8.5,8.2722,2162.2947,3630.9919,1976.35,128.6821,136.6821,0.1686,0.0185,0.083,4.0439,2.551,3.6961,3.5927,1.0,71.76
10068.0,8.5,8.2754,2162.3889,3652.5479,1975.8362,131.0286,139.0286,0.1786,0.0089,0.0796,3.9381,2.5591,3.5452,3.2554,1.0,78.52
10068.5,8.5,8.2784,2162.4832,3665.9336,2006.9467,132.3778,140.3778,0.1974,0.006,0.0831,3.6391,2.5554,3.4326,2.9524,1.0,85.74
10069.0,8.5,8.2949,2162.5774,3675.6638,2033.1821,137.6431,145.6431,0.2246,0.0,0.0,3.3722,2.5313,3.333,2.8239,1.0,94.86
10069.5,8.5,8.2985,2162.6716,3679.8796,2011.8439,144.3586,152.3586,0.2672,0.0,0.0,3.33,2.4472,3.4138,3.0977,1.0,100.0
10070.0,8.5,8.2848,2162.7656,3622.8567,1987.7384,142.844,150.844,0.3616,0.0,0.0,3.6818,2.1173,3.7951,3.6547,1.0,100.0
10070.5,8.5,8.2058,2162.8599,3589.231,1948.4927,131.5523,139.5523,0.4044,0.0,0.0,5.2712,1.7016,5.3446,5.5637,1.0,100.0
10071.0,8.5,8.2008,2162.9541,3455.1477,1903.2098,107.8598,115.8598,0.3749,0.0,0.0,8.7513,1.7493,8.7419,9.6893,1.0,100.0
10071.5,8.5,8.1988,2163.0483,3261.6375,1844.0786,80.0999,88.0999,0.2513,0.0,0.0,10.6501,2.1628,10.0845,9.8902,1.0,100.0
10072.0,8.5,8.1983,2163.1426,3043.5715,1778.8433,69.737,77.737,0.1346,0.0,0.0,9.2874,2.4409,8.7074,7.8605,1.0,100.0
10072.5,8.5,8.1977,2163.2366,2782.436,1752.687,77.3637,85.3637,0.1309,0.0,0.0,6.8911,2.5164,6.5146,5.7539,1.0,100.0
10073.0,8.5,8.1798,2163.3308,2618.9438,1780.8127,92.1179,100.1179,0.1576,0.0488,0.0882,5.172,2.5318,5.0036,4.5533,0.9876,43.8
10073.5,8.5,8.2267,2163.425,2374.3623,1809.856,107.8083,115.8083,0.1703,0.0335,0.0856,4.3019,2.5418,4.2347,4.0127,1.0,57.85
10074.0,8.5,8.2136,2163.5193,2482.2991,1839.8621,115.1103,123.1103,0.1692,0.0243,0.0814,4.1277,2.5509,4.0874,3.9383,1.0,63.48
10074.5,8.5,8.2044,2163.6135,3037.6143,1870.8798,110.1474,118.1474,0.1634,0.0185,0.0733,4.1104,2.5636,4.0789,3.9112,1.0,60.87
10075.0,8.5,8.2058,2163.7078,3416.4197,1902.9614,106.0406,114.0406,0.1656,0.0045,0.0612,3.9778,2.5848,3.9154,3.7479,1.0,63.0
10075.5,8.5,8.2075,2163.8018,3692.4553,1921.6742,108.6412,116.6412,0.1736,0.0,0.0471,3.7825,2.6121,3.7251,3.6233,1.0,72.55
10076.0,8.5,8.2227,2163.896,3575.4043,1910.4005,112.8214,120.8214,0.1768,0.0,0.0407,3.6034,2.6252,3.5708,3.5188,1.0,79.1
10076.5,8.5,8.1971,2163.9902,3597.2793,1933.0867,113.7793,121.7793,0.1801,0.0,0.0499,3.5074,2.6091,3.4927,3.4214,1.0,77.67
10077.0,8.5,8.2178,2164.0845,3650.5923,1992.9111,113.1552,121.1552,0.1813,0.0008,0.0656,3.486,2.5806,3.4527,3.3463,1.0,72.04
10077.5,8.5,8.2273,2164.1787,3699.9089,1985.8567,113.5346,121.5346,0.1824,0.0016,0.0667,3.2441,2.5788,3.2061,3.0754,1.0,72.33
10078.0,8.5,8.212,2164.2729,3674.1128,1950.2856,118.2904,126.2904,0.1731,0.0,0.045,3.1635,2.6181,3.161,3.0778,1.0,79.96
10078.5,8.5,8.2249,2164.3669,3655.9783,1938.4158,122.7373,130.7373,0.1716,0.0,0.029,3.3968,2.6482,3.4222,3.3324,1.0,88.8
10079.0,8.5,8.2211,2164.4612,3605.9783,1903.0233,120.499,128.499,0.1577,0.0,0.0303,3.668,2.6433,3.6952,3.5885,1.0,80.82
10079.5,8.5,8.2258,2164.5554,3550.937,1849.4944,117.8132,125.8132,0.1471,0.0,0.0373,3.6304,2.6285,3.6621,3.5766,1.0,72.16
10080.0,8.5,8.2226,2164.6497,3523.7441,1822.7898,115.5162,123.5162,0.1444,0.0,0.0493,3.4935,2.6058,3.5341,3.4164,1.0,65.43
10080.5,8.5,8.2153,2164.7439,3532.9875,1817.009,113.1843,121.1843,0.1381,0.0007,0.0546,3.7114,2.5948,3.7392,3.6445,1.0,59.85
10081.0,8.5,8.2261,2164.8379,3564.9458,1845.585,111.188,119.188,0.1278,0.0,0.0426,4.0712,2.6145,4.1074,4.0775,1.0,58.74
10081.5,8.5,8.2384,2164.9321,3618.822,1901.6044,107.8837,115.8837,0.1205,0.0,0.0284,4.4146,2.6385,4.4459,4.4019,1.0,58.61
10082.0,8.5,8.247,2165.0264,3720.6804,1949.5049,105.9648,113.9648,0.116,0.0,0.0314,4.5922,2.6319,4.6021,4.5393,1.0,54.84
10082.5,8.5,8.2833,2165.1206,3768.1313,2013.0956,109.0656,117.0656,0.1195,0.0118,0.0569,4.7333,2.587,4.7071,4.5883,1.0,50.13
10083.0,8.5,8.284,2165.2148,3733.4321,2075.9309,115.2249,123.2249,0.1238,0.0324,0.0757,4.5649,2.5456,4.5188,4.3432,1.0,48.05
10083.5,8.5,8.2767,2165.3091,3788.1235,2150.0159,115.938,123.938,0.1288,0.0358,0.0798,4.4382,2.5392,4.4152,4.2466,1.0,48.91
10084.0,8.5,8.2804,2165.4031,3911.7998,2221.312,113.0843,121.0843,0.127,0.0343,0.0773,4.4605,2.545,4.4634,4.3319,1.0,47.79
10084.5,8.5,8.2706,2165.4973,3969.7012,2172.8794,111.6296,119.6296,0.1257,0.0367,0.0783,4.4409,2.5427,4.4397,4.306,1.0,46.26
10085.0,8.5,8.246,2165.5916,3889.1887,2136.1995,109.3051,117.3051,0.1313,0.0377,0.0799,4.5778,2.5437,4.5971,4.4627,0.9943,46.87
10085.5,8.5,8.2588,2165.6858,3878.4893,2108.8362,107.0178,115.0178,0.129,0.0331,0.0751,4.839,2.554,4.8746,4.6871,1.0,46.62
10086.0,8.5,8.2487,2165.78,3808.6909,2097.6987,107.7717,115.7717,0.1231,0.0283,0.07,4.9861,2.5612,5.0081,4.8367,1.0,46.4
10086.5,8.5,8.2617,2165.8743,3814.0664,2107.1697,107.9941,115.9941,0.126,0.0213,0.0655,5.0692,2.5721,5.0868,4.9737,1.0,49.14
10087.0,8.5,8.2647,2165.9683,3834.0151,2117.2356,105.3262,113.3262,0.1271,0.0,0.0467,5.0911,2.6057,5.0911,4.9852,1.0,53.63
10087.5,8.5,8.2706,2166.0625,3835.9983,2143.5037,104.8209,112.8209,0.1287,0.0,0.0345,5.2238,2.6279,5.2397,5.1761,1.0,57.7
10088.0,8.5,8.2809,2166.1567,3859.1267,2165.1172,109.9706,117.9706,0.1384,0.0,0.0477,5.482,2.6065,5.4809,5.3993,1.0,60.17
10088.5,8.5,8.28,2166.251,3892.1138,2185.5369,119.1708,127.1708,0.149,0.0022,0.0612,5.3557,2.5858,5.2795,5.0995,1.0,65.53
10089.0,8.5,8.2729,2166.3452,3926.6206,2241.9116,125.5781,133.5781,0.1594,0.0001,0.0653,5.2977,2.5813,5.1871,4.9916,1.0,72.38
10089.5,8.5,8.2757,2166.4392,3968.0164,2244.7898,127.9463,135.9463,0.1704,0.0067,0.0742,5.3199,2.567,5.1836,4.9432,0.9721,75.07
10090.0,8.5,8.2842,2166.5334,4007.4839,2246.1396,129.8202,137.8202,0.1748,0.0155,0.083,5.3882,2.5522,5.2371,4.9604,0.8566,74.97
10090.5,8.5,8.2694,2166.6277,3972.7126,2241.844,131.7887,139.7887,0.1755,0.0206,0.0879,5.5349,2.5438,5.3455,5.0111,0.817,74.82
10091.0,8.5,8.235,2166.7219,3896.3081,2198.6172,134.1478,142.1478,0.1756,0.027,0.0939,5.7241,2.5335,5.5513,5.1207,0.7865,74.38
10091.5,8.5,8.1952,2166.8162,3810.8384,2159.2505,132.1606,140.1606,0.1697,0.0377,0.0984,6.1511,2.5148,6.0437,5.4602,0.791,67.41
10092.0,8.5,8.136,2166.9102,3791.6956,2152.0742,120.9521,128.9521,0.1637,0.0628,0.1113,6.7613,2.488,6.7379,5.9878,0.7441,53.96
10092.5,8.5,7.9099,2167.0044,3780.4321,2138.1746,107.8494,115.8494,0.1597,0.0877,0.1251,7.5903,2.4615,7.5511,6.5363,0.6797,41.56
10093.0,8.5,7.7647,2167.0986,3768.8767,2140.5037,100.0673,108.0673,0.1547,0.1057,0.1357,8.3122,2.4391,8.0661,6.781,0.6169,33.33
10093.5,8.5,7.7099,2167.1929,3682.7473,2136.1934,95.678,103.678,0.1499,0.1195,0.1444,9.2992,2.4193,8.7879,7.3755,0.5554,27.64
10094.0,8.5,7.679,2167.2869,3568.7439,2151.6489,95.4591,103.4591,0.1503,0.1307,0.1534,10.342,2.3999,9.5588,7.8462,0.4922,25.24
10094.5,8.5,7.6864,2167.3811,3475.8767,2176.9919,97.9053,105.9053,0.1468,0.1318,0.1542,10.8773,2.395,9.9942,7.9809,0.4693,24.83
10095.0,8.5,7.7962,2167.4753,3475.8335,2197.926,102.5947,110.5947,0.1502,0.1215,0.1478,11.2149,2.4086,10.4085,8.2344,0.4757,29.25
10095.5,8.5,7.6623,2167.5696,3482.7839,2218.2163,108.425,116.425,0.1527,0.1102,0.141,11.2788,2.4221,10.621,8.4166,0.5001,34.26
10096.0,8.5,7.67,2167.6638,3554.6973,2236.8411,110.8726,118.8726,0.1509,0.1132,0.1436,11.4258,2.4142,10.8027,8.4566,0.5022,33.83
10096.5,8.5,7.6554,2167.7578,3633.3726,2236.8706,109.4126,117.4126,0.1487,0.1265,0.1532,11.9253,2.3925,11.1291,8.5353,0.4532,29.72
10097.0,8.5,7.621,2167.8521,3624.343,2235.3564,105.2226,113.2226,0.1468,0.1334,0.1572,13.4239,2.3847,12.3415,9.3065,0.4225,26.53
10097.5,8.5,7.6326,2167.9463,3651.4495,2246.0813,99.956,107.956,0.1474,0.1383,0.1601,14.8013,2.3814,13.4055,9.7283,0.4003,24.15
10098.0,8.5,7.6512,2168.0405,3707.8352,2232.9688,96.91,104.91,0.1451,0.1429,0.1626,15.4293,2.376,13.9547,9.712,0.3821,21.84
10098.5,8.5,7.6646,2168.1345,3626.7539,2218.7202,95.9674,103.9674,0.1432,0.1406,0.1601,15.7165,2.3809,14.2607,9.7772,0.3882,21.64
10099.0,8.5,7.6553,2168.2288,3556.8542,2211.0686,94.7421,102.7421,0.1418,0.1348,0.1548,16.2705,2.3922,14.7967,10.1995,0.3992,22.19
10099.5,8.5,7.6579,2168.323,3501.9468,2203.054,93.9847,101.9847,0.1407,0.1335,0.1533,16.221,2.3952,14.4713,9.8161,0.4026,22.0
10100.0,8.5,7.6363,2168.417,3491.457,2192.498,94.3074,102.3074,0.1444,0.137,0.157,16.2977,2.3891,14.2932,9.4741,0.3885,22.21
10100.5,8.5,7.6372,2168.5112,3563.6743,2217.29,94.3997,102.3997,0.1468,0.1369,0.1574,17.376,2.3896,15.3623,10.13,0.3857,22.82
10101.0,8.5,7.6597,2168.6055,3628.3596,2259.5083,95.1435,103.1435,0.1457,0.1334,0.1545,18.5752,2.3949,16.377,10.7757,0.3987,23.49
10101.5,8.5,7.6532,2168.6997,3562.9036,2242.7744,94.7985,102.7985,0.145,0.136,0.1564,18.6513,2.3905,16.131,10.3924,0.3934,22.7
10102.0,8.5,7.6578,2168.7937,3636.0859,2241.8342,94.9729,102.9729,0.1466,0.1438,0.1632,18.5535,2.3766,15.9732,9.9424,0.3697,21.51
10102.5,8.5,7.6528,2168.8879,3675.9697,2236.9773,95.1296,103.1296,0.1435,0.1517,0.169,18.9388,2.3619,16.2765,9.9605,0.329,19.29
10103.0,8.5,7.649,2168.9822,3653.0295,2231.6724,91.6142,99.6142,0.1381,0.1549,0.1699,18.9271,2.3586,16.2773,10.2766,0.3131,16.66
10103.5,8.5,7.6402,2169.0762,3600.2368,2238.4524,88.5611,96.5611,0.1323,0.1484,0.1628,19.3977,2.3722,16.9515,10.9439,0.324,15.91
10104.0,8.5,7.658,2169.1704,3536.1519,2243.9846,88.6864,96.6864,0.1353,0.1411,0.1573,19.5158,2.3859,17.0335,11.1787,0.3308,17.94
10104.5,8.5,7.6371,2169.2646,3583.6099,2241.1963,88.385,96.385,0.1302,0.136,0.152,23.1597,2.3945,20.9414,14.4341,0.3379,17.74
10105.0,8.5,7.6339,2169.3586,3536.886,2242.9495,85.4303,93.4303,0.1249,0.1327,0.1475,24.8308,2.4025,22.021,14.3534,0.3566,16.51
10105.5,8.5,7.6217,2169.4529,3497.9802,2242.428,83.434,91.434,0.1254,0.1387,0.1523,24.2506,2.3935,21.0269,13.3761,0.3542,15.06
10106.0,8.5,7.6237,2169.5471,3627.781,2282.0828,82.9996,90.9996,0.1324,0.1529,0.1654,25.6382,2.3693,22.2382,13.9531,0.3199,13.85
10106.5,8.5,7.6205,2169.6411,3819.7212,2334.8396,83.0647,91.0647,0.1423,0.164,0.1765,26.1435,2.3509,22.5989,13.991,0.2969,13.89
10107.0,8.5,7.6235,2169.7354,3852.4348,2370.2026,84.2183,92.2183,0.1431,0.1679,0.1801,27.2734,2.3428,23.6721,14.5186,0.2881,13.62
10107.5,8.5,7.6246,2169.8296,3797.9272,2361.1086,84.8114,92.8114,0.1399,0.1668,0.1788,28.066,2.3436,24.0275,14.0182,0.2857,13.32
10108.0,8.5,7.6221,2169.9236,3689.8894,2310.7258,83.1388,91.1388,0.1361,0.1662,0.1773,29.0832,2.3455,24.4594,13.6893,0.2837,12.33
10108.5,8.5,7.6153,2170.0173,3536.168,2252.9431,84.0824,92.0824,0.1361,0.1676,0.1787,30.0343,2.3419,24.8808,13.7035,0.2739,12.29
10109.0,8.5,7.6192,2170.1089,3406.7515,2226.5061,86.5911,94.5911,0.1364,0.1669,0.1786,30.7486,2.341,25.4753,13.7947,0.2653,13.01
10109.5,8.5,7.6158,2170.2004,3437.554,2227.2998,85.2833,93.2833,0.1368,0.1677,0.1791,31.287,2.3408,25.6454,13.2886,0.2641,12.67
10110.0,8.5,7.6213,2170.292,3508.9377,2230.1519,82.0204,90.0204,0.1381,0.1726,0.1829,33.0957,2.335,27.2543,13.5813,0.2521,11.39
10110.5,8.5,7.6026,2170.3835,3537.6948,2239.719,79.2984,87.2984,0.1382,0.1793,0.1881,33.7964,2.3251,27.8512,13.3988,0.24,9.78
10111.0,8.5,7.6068,2170.4751,3610.9465,2242.3999,79.1217,87.1217,0.1385,0.185,0.1938,31.9802,2.3109,25.9559,12.7488,0.2332,9.73
10111.5,8.5,7.6143,2170.5667,3558.6443,2229.48,79.2605,87.2605,0.1386,0.1864,0.1952,33.7078,2.3073,27.9739,14.2093,0.2299,9.77
10112.0,8.5,7.6427,2170.6582,3518.4241,2218.6895,79.2139,87.2139,0.1411,0.1841,0.1929,33.0071,2.3157,27.3113,14.0424,0.2372,9.76
10112.5,8.5,7.6553,2170.75,3567.7417,2203.1416,77.8913,85.8913,0.1406,0.1837,0.1922,34.8221,2.3179,29.0545,15.3506,0.2423,9.39
10113.0,8.5,7.6761,2170.8416,3487.5139,2190.2136,76.917,84.917,0.142,0.1811,0.1898,35.3089,2.3247,29.2446,15.532,0.2478,9.68
10113.5,8.5,7.6844,2170.9331,3402.116,2192.7947,79.174,87.174,0.1457,0.17,0.1814,33.0313,2.3441,27.0707,14.9704,0.2669,12.64
10114.0,8.5,7.6868,2171.0247,3477.1858,2195.532,79.335,87.335,0.1428,0.1632,0.1752,34.0978,2.3558,28.1045,16.0294,0.2849,13.28
10114.5,8.5,7.7011,2171.1162,3568.3806,2185.4241,78.6383,86.6383,0.1388,0.1636,0.1747,32.7314,2.3549,26.5965,14.666,0.2936,12.29
10115.0,8.5,7.6975,2171.2078,3488.7473,2176.6563,77.9127,85.9127,0.1367,0.1673,0.1773,31.0864,2.3482,25.0441,13.738,0.296,11.12
10115.5,8.5,7.6858,2171.2993,3478.376,2172.8499,77.8502,85.8502,0.1378,0.1714,0.181,30.7375,2.3409,24.5772,13.4896,0.2933,10.66
10116.0,8.5,7.6885,2171.3909,3474.7993,2188.7212,80.4938,88.4938,0.1384,0.167,0.1779,30.2211,2.3468,24.2876,13.309,0.2947,12.04
10116.5,8.5,7.6691,2171.4824,3499.2129,2211.4392,80.052,88.052,0.1405,0.162,0.1739,29.2637,2.3569,23.8051,12.9447,0.2977,13.19
10117.0,8.5,7.6802,2171.574,3525.1541,2230.4407,77.2449,85.2449,0.1397,0.162,0.1732,29.4552,2.3594,23.7617,12.8946,0.2965,12.44
10117.5,8.5,7.6896,2171.6655,3548.812,2245.5273,77.854,85.854,0.1406,0.1608,0.1725,32.7346,2.3611,26.6448,14.8631,0.2913,12.93
10118.0,8.5,7.6755,2171.7571,3596.821,2255.0383,81.0072,89.0072,0.1424,0.1574,0.1706,35.201,2.3648,28.0343,15.4071,0.28,14.58
10118.5,8.5,7.6761,2171.8486,3590.0256,2256.2253,81.5118,89.5118,0.1419,0.1589,0.1718,37.1503,2.3616,29.6488,15.7983,0.2568,14.35
10119.0,8.5,7.6751,2171.9402,3596.9016,2273.6174,80.5084,88.5084,0.1388,0.1707,0.1811,43.1588,2.34,36.2509,19.0952,0.2304,11.51
10119.5,8.5,7.6854,2172.0305,3607.4719,2284.6399,79.7241,87.7241,0.1391,0.1819,0.1908,55.1405,2.3188,50.2945,25.2811,0.2111,9.9
10120.0,8.5,7.6936,2172.1179,3628.8438,2278.5396,77.9441,85.9441,0.1344,0.1903,0.1988,56.7374,2.2946,47.5671,22.5311,0.1865,9.41
10120.5,8.5,7.7003,2172.2056,3546.7512,2252.8198,73.2705,81.2705,0.1306,0.2075,0.2148,58.5846,2.2525,44.0968,21.3592,0.1585,8.16
10121.0,8.5,7.7157,2172.2932,3473.8406,2229.55,69.6024,77.6024,0.1247,0.2141,0.2206,68.0154,2.2339,51.9956,25.837,0.1378,7.23
10121.5,8.5,7.7244,2172.3806,3521.6272,2210.1514,69.2673,77.2673,0.1253,0.2115,0.2179,85.1471,2.2415,74.3231,31.35,0.1091,7.14
10122.0,8.5,7.7326,2172.4683,3457.0522,2165.385,69.0798,77.0798,0.1248,0.2165,0.2229,103.0497,2.2286,95.3013,34.8169,0.0964,7.09
10122.5,8.5,7.7162,2172.5557,3415.0227,2126.7332,67.638,75.638,0.1193,0.2256,0.2317,120.1303,2.2013,105.6689,37.8254,0.0933,6.74
10123.0,8.5,7.7189,2172.6433,3411.5403,2097.947,66.0304,74.0304,0.1107,0.2237,0.2294,88.4405,2.199,64.8958,25.9559,0.098,6.35
10123.5,8.5,7.6807,2172.731,3408.4695,2080.1045,65.2266,73.2266,0.1044,0.2152,0.2207,73.1752,2.215,53.9162,25.0701,0.1041,6.16
10124.0,8.5,7.6592,2172.8184,3390.9128,2087.8516,63.9184,71.9184,0.1031,0.215,0.2201,107.5338,2.216,91.307,48.3055,0.1078,5.69
10124.5,8.5,7.6286,2172.906,3399.1338,2072.4641,63.8923,71.8923,0.0994,0.218,0.2232,139.7854,2.2043,129.2357,69.4664,0.1092,5.69
10125.0,8.5,7.5998,2172.9934,3401.0381,2054.217,65.4122,73.4122,0.1005,0.2224,0.228,135.3517,2.1924,121.6191,61.3627,0.1087,6.2
10125.5,8.5,7.566,2173.0811,3414.7051,2052.2627,67.4565,75.4565,0.1007,0.2283,0.2343,129.3329,2.1751,112.2026,54.4116,0.1082,6.69
10126.0,8.5,7.5594,2173.1687,3445.0876,2052.8071,69.733,77.733,0.1038,0.2346,0.2412,119.4102,2.1597,105.6628,56.3854,0.1102,7.26
10126.5,8.5,7.5442,2173.2561,3439.0703,2045.1216,70.6925,78.6925,0.1122,0.2389,0.2456,109.2275,2.1566,96.4828,54.2756,0.1238,7.5
10127.0,8.5,7.5339,2173.3438,3418.3242,2035.8491,73.224,81.224,0.1136,0.2383,0.2456,96.7407,2.1564,79.2296,43.9363,0.1285,8.15
10127.5,8.5,7.5522,2173.4312,3366.769,2018.6593,78.7498,86.7498,0.1167,0.2349,0.2436,99.3896,2.1616,84.1258,47.8631,0.1313,9.63
10128.0,8.5,7.5241,2173.5188,3328.3428,2011.2704,78.7437,86.7437,0.1192,0.2279,0.2366,100.0084,2.1822,88.6296,47.8316,0.1391,9.63
10128.5,8.5,7.5026,2173.6064,3318.9346,2010.8657,73.4049,81.4049,0.1238,0.2258,0.2332,97.9566,2.1988,86.5764,45.6012,0.1501,8.2
10129.0,8.5,7.5034,2173.6938,3328.2083,2019.4952,70.9877,78.9877,0.115,0.2237,0.2305,86.0231,2.1979,70.824,37.4805,0.1629,7.57
10129.5,8.5,7.5305,2173.7815,3355.6975,2043.4213,72.8929,80.8929,0.1096,0.215,0.2223,76.1765,2.2121,60.8933,33.1531,0.1759,8.06
10130.0,8.5,7.5409,2173.8689,3393.1174,2068.394,72.5447,80.5447,0.1135,0.201,0.2081,74.798,2.2524,62.4468,34.6044,0.1802,7.97
10130.5,8.5,7.571,2173.9565,3371.7002,2069.5232,69.7277,77.7277,0.1213,0.1944,0.2009,81.9909,2.2805,72.509,40.4827,0.1796,7.26
10131.0,8.5,7.5499,2174.0442,3380.6677,2078.8518,68.536,76.536,0.1281,0.1971,0.2033,92.4547,2.282,84.2645,47.8478,0.1562,6.96
10131.5,8.5,7.5809,2174.1316,3412.5566,2092.79,67.5777,75.5777,0.1266,0.2055,0.2116,88.4876,2.26,77.5491,42.8216,0.133,6.72
10132.0,8.5,7.6074,2174.2192,3441.1243,2101.8748,65.7565,73.7565,0.1163,0.2158,0.2214,93.0988,2.2254,82.2305,45.4405,0.1187,6.28
10132.5,8.5,7.5954,2174.3069,3474.5657,2122.332,65.4003,73.4003,0.1069,0.2202,0.2258,99.3662,2.2048,91.8176,49.9603,0.1127,6.2
10133.0,8.5,7.6378,2174.3943,3477.8757,2138.6143,65.8497,73.8497,0.1066,0.2237,0.2293,101.6435,2.1951,91.5823,49.4923,0.1031,6.3
10133.5,8.5,7.6402,2174.4819,3448.1509,2117.3828,65.1777,73.1777,0.1107,0.2301,0.2355,102.6671,2.1841,89.9596,47.863,0.1118,5.99
10134.0,8.5,7.638,2174.5696,3433.7976,2092.8892,65.4816,73.4816,0.1155,0.2322,0.2378,98.4757,2.1829,84.4544,42.9293,0.126,6.22
10134.5,8.5,7.6361,2174.657,3431.3503,2075.0178,68.1771,76.1771,0.1137,0.2273,0.2334,89.7816,2.1906,76.2171,37.025,0.1343,6.87
10135.0,8.5,7.6385,2174.7446,3438.5039,2075.0969,68.9789,76.9789,0.1197,0.226,0.2323,94.3276,2.1993,85.3724,43.1517,0.1362,7.07
10135.5,8.5,7.6421,2174.832,3461.1506,2080.6143,67.2141,75.2141,0.123,0.2223,0.2283,99.9367,2.2141,95.2464,49.0199,0.1406,6.63
10136.0,8.5,7.6303,2174.9197,3451.7007,2077.4846,66.6275,74.6275,0.1223,0.2188,0.2246,78.3701,2.223,67.3334,34.2574,0.1383,6.49
10136.5,8.5,7.6337,2175.0073,3451.4075,2070.302,67.7974,75.7974,0.1169,0.2187,0.2248,75.6986,2.2162,63.7725,34.0886,0.1372,6.78
10137.0,8.5,7.6346,2175.0947,3455.5552,2076.0398,70.0134,78.0134,0.1129,0.2145,0.2211,76.0585,2.2203,66.4205,36.6567,0.1399,7.33
10137.5,8.5,7.6392,2175.1824,3444.5815,2071.5344,71.5895,79.5895,0.1188,0.2047,0.2116,76.108,2.2496,71.0431,39.0587,0.1431,7.73
10138.0,8.5,7.6303,2175.27,3461.3865,2076.8162,71.5516,79.5516,0.1241,0.1989,0.2059,70.2725,2.2698,65.0266,33.9571,0.1388,7.72
10138.5,8.5,7.6301,2175.3574,3462.4443,2084.3079,70.4935,78.4935,0.1213,0.2038,0.2105,65.0476,2.2556,59.8058,31.322,0.1553,7.45
10139.0,8.5,7.6415,2175.4451,3463.4514,2088.7686,70.9589,78.9589,0.1193,0.2161,0.2229,52.3965,2.2216,45.7455,24.318,0.1716,7.57
10139.5,8.5,7.6456,2175.5327,3481.3994,2102.446,75.2596,83.2596,0.1201,0.2219,0.2298,42.4782,2.2025,36.9268,22.1988,0.1794,8.69
10140.0,8.5,7.6378,2175.6201,3486.2532,2115.75,79.84,87.84,0.1277,0.2108,0.2197,42.7912,2.2332,39.8464,26.8063,0.1965,9.93
10140.5,8.5,7.6295,2175.7078,3456.1938,2102.1616,80.2439,88.2439,0.137,0.1897,0.1987,42.1655,2.2961,40.1174,29.0503,0.2178,10.04
10141.0,8.5,7.6273,2175.7954,3419.7124,2070.572,78.3527,86.3527,0.1404,0.1814,0.1901,43.3573,2.3225,41.7192,31.7264,0.217,9.65
10141.5,8.5,7.627,2175.8828,3407.7759,2049.8171,77.1244,85.1244,0.1404,0.193,0.2013,39.3291,2.2947,36.0216,25.9772,0.2037,9.19
10142.0,8.5,7.6238,2175.9705,3429.4512,2073.3538,75.9603,83.9603,0.1344,0.2036,0.2116,38.2637,2.2632,35.4026,26.0196,0.204,8.87
10142.5,8.5,7.6249,2176.0579,3484.9541,2115.0981,75.6956,83.6956,0.1332,0.2075,0.2154,36.4699,2.2524,34.0964,24.3482,0.2116,8.8
10143.0,8.5,7.6358,2176.1455,3552.1082,2159.3591,76.9192,84.9192,0.1326,0.2084,0.2166,33.5152,2.2478,30.9616,21.6205,0.2149,9.13
10143.5,8.5,7.6324,2176.2332,3561.2139,2163.2778,79.1398,87.1398,0.1361,0.2058,0.2146,31.2114,2.2553,28.6746,19.7615,0.2228,9.74
10144.0,8.5,7.6359,2176.3206,3514.667,2137.1597,81.1972,89.1972,0.1409,0.1965,0.2058,27.3758,2.2815,24.5626,16.8376,0.2444,10.31
10144.5,8.5,7.6255,2176.4082,3449.1379,2110.4424,82.9956,90.9956,0.1421,0.1826,0.1923,26.4555,2.316,24.1499,16.9611,0.2658,10.82
10145.0,8.5,7.6217,2176.4956,3409.2778,2092.8848,84.4612,92.4612,0.1462,0.1641,0.1776,25.2525,2.35,23.3427,16.1398,0.2932,14.94
10145.5,8.5,7.6232,2176.5833,3431.5012,2102.7766,84.4672,92.4672,0.1419,0.1596,0.173,24.7877,2.3575,23.0181,15.756,0.2983,14.9
10146.0,8.5,7.6381,2176.6709,3508.5701,2121.7588,83.9553,91.9553,0.1429,0.1666,0.179,24.1933,2.3453,22.0196,15.5626,0.2817,13.74
10146.5,8.5,7.6439,2176.7583,3553.8228,2151.5378,82.9196,90.9196,0.1443,0.1682,0.1804,24.5281,2.3436,22.1714,15.6604,0.2797,13.51
10147.0,8.5,7.6455,2176.8459,3581.3193,2197.8975,80.7588,88.7588,0.1413,0.1751,0.1853,25.803,2.3322,23.6015,16.1066,0.2784,11.3
10147.5,8.5,7.6342,2176.9336,3585.0935,2206.5659,80.277,88.277,0.1435,0.1863,0.1954,25.4427,2.3112,23.3988,14.9032,0.2658,10.05
10148.0,8.5,7.65,2177.021,3588.5757,2192.752,82.1259,90.1259,0.1454,0.1854,0.195,23.5723,2.3128,21.3396,13.1534,0.2637,10.67
10148.5,8.5,7.6399,2177.1086,3565.8589,2186.6814,84.6414,92.6414,0.1414,0.1805,0.1907,23.2296,2.3185,21.15,13.5091,0.2704,11.3
10149.0,8.5,7.6724,2177.196,3534.7041,2194.5803,84.9227,92.9227,0.1393,0.1785,0.1888,22.8658,2.3212,20.3214,13.6454,0.2763,11.38
10149.5,8.5,7.6878,2177.2837,3510.3279,2177.8242,82.1318,90.1318,0.138,0.1688,0.1796,24.3456,2.3419,21.4887,14.9081,0.2889,12.02
10150.0,8.5,7.6984,2177.3713,3479.4521,2149.9641,79.0333,87.0333,0.1371,0.1644,0.1751,26.0257,2.3527,23.2221,14.6236,0.2902,11.93
10150.5,8.5,7.7169,2177.4587,3467.979,2137.5688,76.9743,84.9743,0.1387,0.1743,0.1834,28.0227,2.3366,25.108,15.2006,0.2668,10.18
10151.0,8.5,7.7278,2177.5464,3509.1316,2162.8049,74.2218,82.2218,0.1348,0.1773,0.185,30.551,2.3323,27.2232,16.1534,0.2676,8.47
10151.5,8.5,7.7336,2177.6338,3553.7439,2189.781,72.3515,80.3515,0.1306,0.1692,0.177,25.305,2.3481,21.07,11.9339,0.2847,8.62
10152.0,8.5,7.7378,2177.7214,3574.855,2206.8694,72.8393,80.8393,0.1348,0.1723,0.1804,22.4476,2.343,18.6537,10.9425,0.2894,8.97
10152.5,8.5,7.7447,2177.8091,3591.3242,2214.228,76.4641,84.4641,0.1375,0.1801,0.1882,24.5218,2.3257,21.499,13.7054,0.2893,9.01
10153.0,8.5,7.7334,2177.8965,3623.3477,2222.7246,79.896,87.896,0.1403,0.1764,0.1861,25.2428,2.3304,22.4297,14.9111,0.286,10.74
10153.5,8.5,7.7288,2177.9841,3656.9214,2267.2246,78.418,86.418,0.1414,0.17,0.1805,25.7858,2.3439,22.6386,15.4063,0.2917,11.67
10154.0,8.5,7.7265,2178.0715,3673.7986,2287.5808,77.2031,85.2031,0.143,0.1719,0.1822,28.1811,2.3417,24.4877,16.3263,0.2804,11.38
10154.5,8.5,7.7184,2178.1592,3656.7195,2270.8918,76.7962,84.7962,0.1406,0.1826,0.1909,31.5024,2.3216,28.4883,18.9486,0.2567,9.17
10155.0,8.5,7.7183,2178.2468,3602.4663,2238.2717,73.4291,81.4291,0.1367,0.1944,0.2018,34.6476,2.292,32.0633,20.3604,0.2371,8.2
10155.5,8.5,7.7227,2178.3342,3561.4092,2208.7275,71.898,79.898,0.1356,0.204,0.211,34.661,2.2681,31.401,19.2703,0.222,7.81
10156.0,8.5,7.7148,2178.4219,3575.9998,2232.72,74.6287,82.6287,0.1365,0.2022,0.2098,34.7439,2.2705,30.9532,18.735,0.2212,8.52
10156.5,8.5,7.7222,2178.5095,3569.053,2231.7671,76.3479,84.3479,0.1379,0.1964,0.2045,34.476,2.2845,30.0129,17.809,0.2271,8.98
10157.0,8.5,7.7318,2178.5969,3524.6694,2215.2886,74.6358,82.6358,0.137,0.1964,0.204,36.5398,2.2858,32.7051,19.8509,0.2216,8.52
10157.5,8.5,7.7325,2178.6846,3476.0435,2174.175,73.7476,81.7476,0.1416,0.2016,0.2091,39.4704,2.278,36.7688,21.1455,0.207,8.29
10158.0,8.5,7.7361,2178.772,3448.2722,2125.2695,74.4879,82.4879,0.145,0.2067,0.2143,38.9188,2.2678,35.3165,19.2708,0.1901,8.48
10158.5,8.5,7.7588,2178.8596,3438.5195,2111.5623,74.3986,82.3986,0.1463,0.2109,0.2185,40.3934,2.2583,36.7059,20.8018,0.1809,8.46
10159.0,8.5,7.7434,2178.9473,3456.6365,2112.9851,74.9411,82.9411,0.1434,0.2127,0.2204,38.2771,2.2503,33.2326,18.7842,0.1817,8.6
10159.5,8.5,7.7566,2179.0347,3451.6655,2137.689,75.0508,83.0508,0.1492,0.2165,0.2243,36.173,2.2462,30.9553,18.8966,0.1814,8.63
10160.0,8.5,7.7289,2179.1223,3469.6135,2158.7549,73.5871,81.5871,0.1474,0.2149,0.2223,41.8829,2.2503,37.2475,24.1172,0.1899,8.24
10160.5,8.5,7.7268,2179.2097,3480.032,2141.2495,72.963,80.963,0.1439,0.2102,0.2175,43.8034,2.2595,38.6604,24.3766,0.1987,8.08
10161.0,8.5,7.7318,2179.2974,3481.4194,2125.2961,72.5088,80.5088,0.1435,0.2081,0.2153,44.965,2.2649,38.9597,23.6354,0.2119,7.96
10161.5,8.5,7.699,2179.385,3472.0166,2116.9021,72.5561,80.5561,0.1435,0.2079,0.2151,41.4356,2.2653,35.1826,19.915,0.2195,7.98
10162.0,8.5,7.6673,2179.4724,3465.1013,2106.7036,72.8862,80.8862,0.1407,0.2038,0.211,37.2449,2.2727,31.986,17.5609,0.2277,8.06
10162.5,8.5,7.637,2179.5601,3467.7227,2104.4116,73.3397,81.3397,0.1433,0.1938,0.2012,34.7663,2.3002,30.0626,16.9681,0.2442,8.18
10163.0,8.5,7.6083,2179.6475,3457.3621,2102.8464,76.8749,84.8749,0.152,0.1787,0.1894,34.2444,2.3314,29.6725,17.7466,0.2593,11.87
10163.5,8.5,7.5853,2179.7351,3447.8701,2110.5798,80.6596,88.6596,0.1465,0.1733,0.1846,32.1468,2.3368,27.4335,16.9352,0.2602,12.55
10164.0,8.5,7.5434,2179.8228,3445.041,2109.7588,79.468,87.468,0.1477,0.1812,0.1913,35.8493,2.3235,31.7935,21.0478,0.2458,11.21
10164.5,8.5,7.5266,2179.9102,3465.5701,2123.2339,76.4777,84.4777,0.142,0.1911,0.1992,40.9838,2.3021,37.8941,25.445,0.2337,9.01
10165.0,8.5,7.546,2179.9978,3501.6611,2158.3118,74.9761,82.9761,0.1374,0.2002,0.2079,42.4275,2.2761,39.1797,25.5878,0.2131,8.61
10165.5,8.5,7.5644,2180.0798,3555.908,2188.6079,73.8153,81.8153,0.131,0.2018,0.2093,42.6926,2.2668,38.8883,25.4023,0.2038,8.3
10166.0,8.5,7.5185,2180.1616,3583.2561,2204.7654,72.4178,80.4178,0.1271,0.1983,0.2054,45.0056,2.2735,41.4312,28.1755,0.2018,7.94
10166.5,8.5,7.4856,2180.2434,3592.0522,2214.1814,70.8482,78.8482,0.122,0.1968,0.2036,45.2402,2.2739,41.6317,28.0338,0.202,7.54
10167.0,8.5,7.4605,2180.3252,3537.6536,2184.7239,70.8825,78.8825,0.1173,0.1984,0.2052,46.7793,2.2649,43.2584,28.3971,0.2007,7.55
10167.5,8.5,7.5293,2180.407,3487.6179,2158.4673,71.5969,79.5969,0.1219,0.2044,0.2114,46.7865,2.2534,42.9271,27.1412,0.2037,7.73
10168.0,8.5,7.5467,2180.4888,3481.4988,2167.5068,70.9677,78.9677,0.1234,0.2081,0.2149,43.2236,2.2463,38.915,24.1926,0.2175,7.57
10168.5,8.5,7.5513,2180.5706,3540.5466,2195.4402,71.9779,79.9779,0.127,0.2035,0.2105,40.6855,2.2606,36.8862,24.1369,0.2256,7.83
10169.0,8.5,7.5506,2180.6523,3636.4895,2221.4868,74.7941,82.7941,0.1291,0.1899,0.1976,40.9946,2.2941,38.1881,24.9421,0.2352,8.56
10169.5,8.5,7.5634,2180.7344,3650.2251,2247.3816,74.9123,82.9123,0.1327,0.1868,0.1946,42.0661,2.3054,38.9116,24.7276,0.2284,8.59
10170.0,8.5,7.5688,2180.8162,3585.4734,2215.8376,72.9597,80.9597,0.1349,0.1979,0.2052,40.5784,2.2816,36.9408,22.46,0.1979,8.08
10170.5,8.5,7.5689,2180.8979,3502.9089,2135.4558,71.1781,79.1781,0.1379,0.2075,0.2144,41.1237,2.2623,36.0985,20.8618,0.1729,7.62
10171.0,8.5,7.575,2180.9797,3450.6648,2118.4526,69.7289,77.7289,0.1357,0.2065,0.2131,40.0672,2.2643,35.4348,19.783,0.1779,7.26
10171.5,8.5,7.5761,2181.0615,3488.1643,2132.9839,69.0268,77.0268,0.1359,0.2039,0.2103,38.268,2.272,33.9566,18.2412,0.1938,7.08
10172.0,8.5,7.5546,2181.1433,3523.5569,2149.0879,70.1623,78.1623,0.1406,0.2021,0.2087,37.6723,2.2801,33.2649,18.0027,0.2069,7.37
10172.5,8.5,7.5675,2181.2251,3554.8298,2163.5649,70.8341,78.8341,0.1408,0.1978,0.2045,40.4339,2.2905,33.7591,18.689,0.2284,7.54
10173.0,8.5,7.5778,2181.3069,3558.2451,2151.5759,72.055,80.055,0.1399,0.1931,0.2001,37.4846,2.3002,27.4855,15.2353,0.2485,7.85
10173.5,8.5,7.5652,2181.3887,3547.4363,2125.3408,75.2399,83.2399,0.1366,0.1876,0.1954,34.4856,2.307,24.8064,13.6039,0.2621,8.68
10174.0,8.5,7.5835,2181.4707,3561.5259,2130.241,76.2865,84.2865,0.1397,0.185,0.193,34.8074,2.3157,26.2557,12.9948,0.2642,8.96
10174.5,8.5,7.5879,2181.5525,3562.5708,2144.4915,76.2136,84.2136,0.1407,0.163,0.174,35.8005,2.3587,29.1332,13.2227,0.2909,12.23
10175.0,8.5,7.5961,2181.6343,3572.5464,2160.4089,75.6694,83.6694,0.1464,0.1256,0.1437,30.7547,2.4275,23.4791,11.0848,0.358,20.04
10175.5,8.5,7.6112,2181.7161,3576.3062,2175.8142,73.9519,81.9519,0.1435,0.1293,0.1458,22.8276,2.4229,16.6197,8.6738,0.3611,18.34
10176.0,8.5,7.5988,2181.7979,3564.6331,2186.7097,73.7534,81.7534,0.1373,0.1688,0.1779,22.1575,2.3493,16.8003,9.9462,0.2984,10.13
10176.5,8.5,7.5993,2181.8796,3608.6465,2215.3757,74.3963,82.3963,0.1354,0.1847,0.1923,29.9888,2.3142,24.7491,15.7685,0.2828,8.46
10177.0,8.5,7.6128,2181.9614,3645.6667,2252.1309,73.5197,81.5197,0.1364,0.1858,0.1932,38.3243,2.3134,33.2541,21.0549,0.2774,8.23
10177.5,8.5,7.58,2182.0432,3698.4277,2280.0105,71.8629,79.8629,0.1319,0.1902,0.1972,41.163,2.2996,34.7528,21.2516,0.2543,7.8
10178.0,8.5,7.5811,2182.1252,3706.3069,2287.2273,70.1765,78.1765,0.1301,0.1994,0.206,42.5273,2.2763,35.8931,22.0925,0.2325,7.37
10178.5,8.5,7.5699,2182.207,3705.8428,2278.4731,70.8851,78.8851,0.1301,0.2119,0.2187,41.8445,2.2437,36.4521,22.9873,0.2103,7.55
10179.0,8.5,7.5785,2182.2888,3667.72,2255.2754,71.7762,79.7762,0.1285,0.2237,0.2307,46.4211,2.2108,42.3152,28.1777,0.1794,7.78
10179.5,8.5,7.5696,2182.3706,3630.0017,2187.7612,72.009,80.009,0.1325,0.232,0.2391,52.1253,2.1934,47.8809,30.3765,0.1552,7.84
10180.0,8.5,7.5691,2182.4524,3571.9309,2157.5645,72.3233,80.3233,0.1334,0.2363,0.2434,56.694,2.183,53.1984,31.2265,0.1366,7.92
10180.5,8.5,7.5815,2182.5342,3512.7671,2118.915,69.4087,77.4087,0.1271,0.2398,0.2463,62.6608,2.171,56.7221,32.7585,0.1214,7.18
10181.0,8.5,7.584,2182.616,3410.1816,2078.1091,65.6198,73.6198,0.1253,0.2438,0.2494,68.3317,2.1635,59.8606,34.2505,0.1213,6.25
10181.5,8.5,7.5955,2182.698,3354.667,2055.3904,64.4594,72.4594,0.1283,0.2456,0.2509,64.4258,2.1635,56.49,29.7748,0.1341,5.82
10182.0,8.5,7.5805,2182.7798,3341.7205,2022.3708,64.7345,72.7345,0.1262,0.2433,0.2486,66.7572,2.1669,60.6071,30.6574,0.1461,5.89
10182.5,8.5,7.5955,2182.8616,3342.3105,2006.9467,63.8126,71.8126,0.1256,0.2413,0.2464,76.6937,2.1725,75.1107,41.7347,0.1592,5.67
10183.0,8.5,7.592,2182.9434,3366.6089,2007.9766,63.3484,71.3484,0.1192,0.2364,0.2414,74.2082,2.179,71.4796,39.0974,0.1822,5.56
10183.5,8.5,7.5825,2183.0251,3352.7959,2003.7933,65.268,73.268,0.1103,0.2209,0.2264,53.9618,2.2067,46.8479,27.274,0.1865,6.17
10184.0,8.5,7.5975,2183.1069,3323.9839,2011.0675,67.7766,75.7766,0.0946,0.1783,0.1844,66.7722,2.2958,65.0061,49.0371,0.2037,6.77
10184.5,8.5,7.6308,2183.1887,3286.4553,2014.7577,69.6233,77.6233,0.0741,0.1206,0.1271,75.7749,2.4183,78.4567,71.844,0.262,7.23
10185.0,8.5,7.5544,2183.2708,3274.0715,2007.7161,70.2415,78.2415,0.0566,0.0818,0.0889,74.8392,2.4942,76.3576,69.6199,0.2709,7.92
10185.5,8.5,7.8181,2183.3525,3316.3311,2014.5338,67.6245,75.6245,0.0499,0.0728,0.0795,69.88,2.5114,67.3276,54.1211,0.2502,7.44
10186.0,8.5,7.7659,2183.4343,3477.6497,2054.4663,66.3439,74.3439,0.0511,0.0791,0.0849,63.2761,2.5009,59.5951,44.3255,0.3088,6.54
10186.5,8.5,7.8932,2183.5161,3775.9644,2180.3635,67.8988,75.8988,0.0687,0.0978,0.1045,54.1434,2.4695,52.1749,38.7074,0.3509,7.39
10187.0,8.5,7.8498,2183.5979,4203.3784,2414.6133,69.7285,77.7285,0.0993,0.1385,0.1451,41.5857,2.3999,39.0675,27.5678,0.2986,7.28
10187.5,8.5,7.6545,2183.6797,4627.8301,2735.05,71.72,79.72,0.1221,0.1825,0.1895,31.9477,2.3093,29.4297,20.377,0.2748,7.76
10188.0,8.5,7.6331,2183.7615,4960.6631,3020.0344,74.2875,82.2875,0.1322,0.205,0.2126,27.2358,2.2594,25.2398,18.7787,0.2657,8.43
10188.5,8.5,7.6598,2183.8435,4987.8174,2996.564,75.6031,83.6031,0.1331,0.2049,0.2128,24.2916,2.2589,22.1975,17.5402,0.2639,8.78
10189.0,8.5,7.693,2183.9253,4793.0024,2821.637,73.9528,81.9528,0.1336,0.2028,0.2103,21.7537,2.2668,19.7226,15.4272,0.2804,8.34
10189.5,8.5,7.6845,2184.0071,4323.834,2502.2144,74.1082,82.1082,0.1278,0.1992,0.2067,20.6308,2.2699,18.9491,14.4321,0.2904,8.38
10190.0,8.5,7.6979,2184.0889,3810.1667,2262.3428,75.1635,83.1635,0.1216,0.1906,0.1984,17.7723,2.284,16.2467,11.6141,0.3326,8.66
10190.5,8.5,7.6819,2184.1707,3467.5889,2063.3965,76.3731,84.3731,0.1231,0.1715,0.1796,15.0867,2.3329,13.9066,10.4043,0.4242,8.98
10191.0,8.5,7.7519,2184.2524,3319.231,1970.4421,81.5061,89.5061,0.1442,0.143,0.1589,12.8116,2.391,12.0594,9.3835,0.5231,17.74
10191.5,8.5,7.7321,2184.3345,3329.0957,1972.4452,86.8902,94.8902,0.1524,0.1395,0.1589,10.9968,2.3933,10.2788,8.023,0.5657,21.6
10192.0,8.5,7.7144,2184.4163,3418.696,2025.4941,91.3223,99.3223,0.1493,0.1547,0.1718,10.3389,2.3611,9.4223,7.5381,0.5183,19.0
10192.5,8.5,7.7232,2184.498,3560.3857,2090.2942,94.4576,102.4576,0.153,0.1585,0.1763,9.6569,2.3518,8.5431,6.8475,0.4652,19.87
10193.0,8.5,7.7467,2184.5798,3610.2537,2170.6602,96.252,104.252,0.1582,0.1443,0.1663,8.7365,2.376,7.8775,6.3543,0.4606,24.44
10193.5,8.5,7.7809,2184.6619,3616.3877,2206.7832,103.014,111.014,0.1548,0.1131,0.1424,8.7185,2.4231,8.1195,6.6643,0.5357,32.48
10194.0,8.5,7.8488,2184.7437,3570.094,2188.9114,110.8377,118.8377,0.1488,0.09,0.125,8.6587,2.4539,8.3311,6.8819,0.645,38.92
10194.5,8.5,7.8941,2184.8254,3573.3799,2150.1172,110.7982,118.7982,0.1485,0.0964,0.1299,8.1563,2.4429,7.8037,6.1328,0.6845,37.22
10195.0,8.5,7.7574,2184.9072,3581.8328,2124.0552,103.8205,111.8205,0.1491,0.1218,0.1482,7.2971,2.4066,6.8354,5.2055,0.6466,29.26
10195.5,8.5,7.737,2184.989,3609.6978,2132.8406,98.5502,106.5502,0.1502,0.1428,0.164,7.3117,2.3752,6.9722,5.4406,0.6059,23.47
10196.0,8.5,7.7332,2185.071,3669.2786,2175.6416,96.6258,104.6258,0.1521,0.1486,0.1686,7.3976,2.3671,7.1194,5.7439,0.5877,22.2
10196.5,8.5,7.7325,2185.1528,3680.5903,2207.2544,94.4492,102.4492,0.151,0.1478,0.1672,7.4661,2.3707,7.1675,6.0797,0.5588,21.57
10197.0,8.5,7.7396,2185.2346,3653.9666,2209.1069,93.9986,101.9986,0.1498,0.1425,0.1625,7.308,2.3804,6.8844,5.8194,0.5568,22.26
10197.5,8.5,7.7147,2185.3164,3617.5122,2195.9258,98.8342,106.8342,0.1571,0.118,0.1456,6.7743,2.4193,6.3129,5.3785,0.6026,30.69
10198.0,8.5,7.8998,2185.3984,3637.9653,2180.9595,112.0998,120.0998,0.1569,0.0857,0.1241,6.6603,2.46,6.3739,5.8569,0.6517,42.69
10198.5,8.5,7.9187,2185.4802,3661.499,2181.762,123.7513,131.7513,0.1679,0.0736,0.1215,6.1606,2.4666,5.9452,5.5402,0.6719,53.21
10199.0,8.5,7.9289,2185.562,3687.0015,2192.5425,125.3322,133.3322,0.1648,0.0564,0.1084,5.6923,2.4931,5.4508,5.0667,0.761,57.71
10199.5,8.5,8.0397,2185.6438,3610.7795,2186.0903,123.2142,131.2142,0.1578,0.0326,0.0881,5.6648,2.5349,5.4192,5.12,0.8893,61.62
10200.0,8.5,8.0385,2185.7256,3590.0129,2161.6055,122.3165,130.3165,0.1553,0.0362,0.0897,5.7104,2.5303,5.435,5.127,0.8394,59.45
10200.5,8.5,8.03,2185.8076,3620.3093,2129.7246,123.0154,131.0154,0.1587,0.0484,0.0999,5.6996,2.5093,5.4427,5.0432,0.7434,57.22
10201.0,8.5,8.0136,2185.8894,3710.0107,2131.3015,119.994,127.994,0.1546,0.0649,0.1102,5.8905,2.4857,5.7064,5.1209,0.6786,50.25
10201.5,8.5,7.9427,2185.9712,3801.5842,2170.3975,110.9514,118.9514,0.1533,0.0995,0.1336,6.2445,2.4377,6.0966,5.3057,0.6091,37.81
10202.0,8.5,7.7388,2186.053,3906.405,2201.948,98.4938,106.4938,0.1513,0.131,0.1547,6.7699,2.3963,6.6163,5.5866,0.5736,26.26
10202.5,8.5,7.7396,2186.135,3957.4443,2233.2075,88.6521,96.6521,0.146,0.1464,0.1637,7.2802,2.3781,7.0079,5.5946,0.5741,19.24
10203.0,8.5,7.7358,2186.2168,3917.7327,2251.2708,86.1269,94.1269,0.1478,0.159,0.1739,7.8062,2.3582,7.1574,5.261,0.5558,16.62
10203.5,8.5,7.7282,2186.2986,3930.408,2277.5417,86.7532,94.7532,0.1504,0.1698,0.1836,8.6016,2.3383,7.7204,5.5572,0.4919,15.3
10204.0,8.5,7.7269,2186.3804,3810.9575,2260.4182,86.3946,94.3946,0.1448,0.1696,0.1823,9.1922,2.338,8.1677,5.7676,0.4745,14.15
10204.5,8.5,7.7193,2186.4622,3659.8369,2211.7712,85.5196,93.5196,0.1486,0.162,0.1765,9.3183,2.3533,8.3271,5.918,0.4735,16.06
10205.0,8.5,7.7219,2186.5442,3475.572,2160.6189,84.5516,92.5516,0.1524,0.1518,0.1685,10.4635,2.3734,9.4751,6.6733,0.4859,18.54
10205.5,8.5,7.7234,2186.626,3473.5835,2145.8154,82.7408,90.7408,0.1522,0.1506,0.1671,10.4134,2.3773,9.1489,6.2365,0.4864,18.29
10206.0,8.5,7.7276,2186.7078,3496.8887,2132.0454,81.0075,89.0075,0.1535,0.1623,0.1767,10.7216,2.358,9.3032,6.4268,0.4631,15.96
10206.5,8.5,7.7243,2186.7896,3490.8691,2159.5945,81.621,89.621,0.1519,0.1704,0.1833,11.0657,2.3423,9.5641,6.5429,0.4318,14.31
10207.0,8.5,7.7218,2186.8713,3482.6604,2171.4551,83.781,91.781,0.152,0.1716,0.1848,11.0267,2.3381,9.5872,6.5492,0.4291,14.61
10207.5,8.5,7.72,2186.9534,3466.1492,2145.2053,84.5818,92.5818,0.1478,0.166,0.1795,11.3142,2.3468,10.0203,6.9523,0.4376,14.97
10208.0,8.5,7.714,2187.0352,3418.3359,2120.0498,83.1851,91.1851,0.1468,0.1547,0.1695,11.5912,2.3686,10.375,7.21,0.4665,16.5
10208.5,8.5,7.7156,2187.1169,3415.4744,2106.647,82.2842,90.2842,0.1478,0.1501,0.1657,11.2073,2.378,9.9253,6.9188,0.4747,17.34
10209.0,8.5,7.7011,2187.1987,3410.6589,2109.5208,81.4993,89.4993,0.148,0.1545,0.1692,11.3569,2.3708,10.1931,7.1802,0.4661,16.38
10209.5,8.5,7.7067,2187.2805,3453.0928,2137.1448,82.6573,90.6573,0.1442,0.1574,0.1712,11.0504,2.3637,9.8284,6.8969,0.4665,15.35
10210.0,8.5,7.7141,2187.3623,3481.3674,2161.3359,88.5337,96.5337,0.1448,0.1537,0.1695,11.9915,2.3649,10.6493,7.7534,0.47,17.54
10210.5,8.5,7.7165,2187.4443,3503.1707,2151.116,91.9457,99.9457,0.144,0.1493,0.1665,12.1654,2.3693,10.5679,7.5416,0.4655,19.06
10211.0,8.5,7.7085,2187.5261,3314.207,2149.8975,92.5052,100.5052,0.148,0.1563,0.1731,11.5868,2.3569,9.8589,6.6926,0.4486,18.73
10211.5,8.5,7.7012,2187.6079,3359.5144,2163.6462,93.5786,101.5786,0.1474,0.157,0.1738,11.5074,2.3545,9.9719,6.8085,0.4432,18.73
10212.0,8.5,7.7068,2187.6897,3418.8687,2172.7043,92.3063,100.3063,0.1409,0.1396,0.1579,12.1062,2.386,10.9174,7.379,0.4849,20.39
10212.5,8.5,7.7029,2187.7715,3381.1555,2169.9338,88.0186,96.0186,0.1365,0.1339,0.1514,10.8993,2.3997,9.6602,6.2703,0.5237,19.42
10213.0,8.5,7.6901,2187.8535,3237.2356,2171.4551,84.3074,92.3074,0.1372,0.1457,0.1605,11.2488,2.3822,9.942,6.4649,0.5025,16.44
10213.5,8.5,7.6839,2187.9353,3436.0466,2210.7156,82.6911,90.6911,0.1385,0.1532,0.1666,11.4023,2.3703,10.0969,6.5792,0.4724,14.96
10214.0,8.5,7.6916,2188.0173,3578.1575,2232.9441,81.3542,89.3542,0.1401,0.1516,0.1653,11.4193,2.3747,10.1904,6.7598,0.4695,15.26
10214.5,8.5,7.6928,2188.1006,3607.5103,2247.1099,80.7301,88.7301,0.1414,0.1347,0.1514,12.4532,2.4062,11.3096,7.9043,0.5091,18.53
10215.0,8.5,7.676,2188.1838,3590.9814,2244.5168,80.812,88.812,0.1456,0.1183,0.1388,13.423,2.4363,12.0614,8.6064,0.5575,22.77
10215.5,8.5,7.6613,2188.2671,3654.9524,2251.2874,80.1847,88.1847,0.143,0.13,0.1477,13.2796,2.4156,11.9213,8.6038,0.5304,19.68
10216.0,8.5,7.6409,2188.3501,3653.0381,2266.3953,78.2218,86.2218,0.1395,0.15,0.1633,13.5596,2.3804,12.3247,8.9239,0.478,14.69
10216.5,8.5,7.6543,2188.4333,3785.55,2284.2979,78.382,86.382,0.1424,0.1503,0.164,13.6087,2.3804,12.4157,8.998,0.4737,15.26
10217.0,8.5,7.6449,2188.5166,3834.0972,2287.052,81.2335,89.2335,0.1404,0.1386,0.1545,13.137,2.3986,11.959,8.6613,0.5003,17.7
10217.5,8.5,7.6466,2188.5999,3875.2888,2282.2776,81.666,89.666,0.1382,0.1346,0.1509,12.5814,2.405,11.4078,8.2529,0.5199,18.08
10218.0,8.5,7.6447,2188.6831,3732.3896,2252.9346,79.5978,87.5978,0.1357,0.1422,0.1563,12.4853,2.3927,11.2519,8.205,0.516,15.64
10218.5,8.5,7.6281,2188.7661,3623.335,2252.4651,79.0002,87.0002,0.1339,0.1521,0.1642,12.7262,2.3747,11.5121,8.4748,0.4903,13.38
10219.0,8.5,7.6368,2188.8494,3614.7581,2256.3772,82.4917,90.4917,0.1338,0.1583,0.1701,12.4117,2.3601,11.1341,7.8897,0.4676,13.07
10219.5,8.5,7.6367,2188.9326,3628.6707,2270.5586,85.2785,93.2785,0.1332,0.1622,0.1738,11.9066,2.3502,10.6135,7.451,0.456,12.9
10220.0,8.5,7.6214,2189.0159,3543.6917,2253.2163,82.8797,90.8797,0.1368,0.1595,0.1717,12.3802,2.3581,11.3209,8.3451,0.4558,13.54
10220.5,8.5,7.628,2189.0991,3518.7405,2230.0361,79.5038,87.5038,0.1392,0.1518,0.1649,12.3343,2.3759,11.2969,8.211,0.4703,14.6
10221.0,8.5,7.636,2189.1824,3507.29,2206.0244,79.5656,87.5656,0.1346,0.1529,0.165,11.9337,2.373,10.8344,7.8592,0.4825,13.53
10221.5,8.5,7.6345,2189.2654,3522.9258,2211.5178,80.5082,88.5082,0.1367,0.1632,0.1744,12.504,2.3534,11.3813,8.2949,0.4624,12.35
10222.0,8.5,7.6248,2189.3486,3427.2605,2222.7959,79.8984,87.8984,0.1351,0.1691,0.179,12.4709,2.3427,11.3198,8.2062,0.4549,10.95
10222.5,8.5,7.633,2189.4319,3455.9626,2233.4448,78.4634,86.4634,0.1347,0.1685,0.1781,12.4792,2.3451,11.431,8.3181,0.4645,10.68
10223.0,8.5,7.6383,2189.5151,3571.0852,2209.6597,78.1039,86.1039,0.1364,0.1658,0.176,12.5817,2.3508,11.4887,8.2631,0.4784,11.36
10223.5,8.5,7.6418,2189.5984,3543.3745,2184.1008,79.5897,87.5897,0.1412,0.1623,0.1741,12.3802,2.357,11.4844,8.0669,0.4953,13.19
10224.0,8.5,7.6427,2189.6814,3519.0535,2167.5222,79.9869,87.9869,0.1364,0.1596,0.1711,11.8738,2.3606,11.0794,7.6052,0.526,12.81
10224.5,8.5,7.6356,2189.7646,3504.2336,2156.3755,78.9676,86.9676,0.1342,0.1632,0.1736,11.4306,2.3543,10.5705,7.3646,0.541,11.55
10225.0,8.5,7.6334,2189.8479,3475.9443,2152.4512,80.1226,88.1226,0.1374,0.167,0.1776,10.6662,2.347,9.8716,6.9509,0.5471,11.78
10225.5,8.5,7.6522,2189.9312,3464.0024,2163.7661,85.9709,93.9709,0.1382,0.1642,0.1765,9.6007,2.347,8.7056,6.1763,0.5814,13.71
10226.0,8.5,7.659,2190.0144,3472.6377,2172.7166,97.1944,105.1944,0.1418,0.1547,0.1717,8.8785,2.3541,8.0687,6.0284,0.6121,18.83
10226.5,8.5,7.7364,2190.0984,3461.0955,2176.9858,108.2954,116.2954,0.152,0.1296,0.1562,8.4299,2.3886,7.7235,6.0935,0.632,29.53
10227.0,8.5,7.7595,2190.1824,3464.0261,2169.7024,112.9872,120.9872,0.156,0.082,0.1213,6.5071,2.4653,6.0275,5.209,0.7554,43.71
10227.5,8.5,7.9763,2190.2661,3494.1147,2153.5903,112.4235,120.4235,0.1529,0.0378,0.0867,6.2437,2.5385,6.0188,5.6865,1.0,54.39
10228.0,8.5,8.1128,2190.3501,3520.8423,2124.0449,111.7468,119.7468,0.1561,0.0212,0.0743,5.7361,2.5612,5.5962,5.4153,1.0,58.97
10228.5,8.5,8.1601,2190.4341,3566.3555,2093.72,112.8588,120.8588,0.1554,0.0238,0.0767,5.4323,2.5571,5.3119,5.1678,1.0,58.69
10229.0,8.5,8.1965,2190.5181,3616.6023,2111.9719,115.5143,123.5143,0.1539,0.0239,0.0775,5.001,2.556,4.8464,4.6226,1.0,59.55
10229.5,8.5,8.2057,2190.6018,3684.6216,2195.532,119.337,127.337,0.1546,0.021,0.0771,4.5415,2.5577,4.4413,4.2399,1.0,62.36
10230.0,8.5,8.2416,2190.6858,3876.0676,2219.5505,123.1787,131.1787,0.1746,0.0101,0.0757,4.1937,2.5638,4.1391,3.9927,1.0,72.84
10230.5,8.5,8.2425,2190.7698,4037.9795,2246.9458,125.2828,133.2828,0.1866,0.0031,0.0746,3.9971,2.5679,3.9714,3.8375,1.0,79.41
10231.0,8.5,8.2488,2190.8535,4057.897,2241.6213,124.0266,132.0266,0.1812,0.0046,0.0736,3.9185,2.5686,3.8947,3.7672,1.0,76.75
10231.5,8.5,8.2544,2190.9375,3995.2131,2217.6514,123.2148,131.2148,0.1837,0.0,0.0568,3.8799,2.5994,3.8547,3.7439,1.0,83.45
10232.0,8.5,8.2743,2191.0215,3919.3396,2161.6101,127.6268,135.6268,0.1857,0.0,0.024,3.9167,2.6605,3.8819,3.7885,1.0,100.0
10232.5,8.5,8.2967,2191.1055,3821.958,2085.3772,134.9813,142.9813,0.1894,0.0,0.0043,3.9565,2.6991,3.9379,3.8353,1.0,100.0
10233.0,8.5,8.2996,2191.1892,3740.7219,2034.0123,138.0454,146.0454,0.1849,0.0,0.0055,3.9791,2.6969,3.9816,3.8548,1.0,100.0
10233.5,8.5,8.2996,2191.2732,3709.3335,2000.688,137.0802,145.0802,0.1857,0.0,0.0192,3.9742,2.6717,3.9937,3.8912,1.0,100.0
10234.0,8.5,8.2752,2191.3572,3693.2473,2004.9373,137.2161,145.2161,0.176,0.0,0.0423,3.8721,2.6281,3.8924,3.8236,1.0,96.63
10234.5,8.5,8.278,2191.4412,3727.5696,2007.4701,140.9631,148.9631,0.1675,0.0,0.0688,3.8485,2.5796,3.8492,3.8362,1.0,85.41
10235.0,8.5,8.2732,2191.5249,3757.7581,1991.1599,144.4978,152.4978,0.16,0.0077,0.0802,3.896,2.5587,3.8562,3.8375,1.0,80.59
10235.5,8.5,8.2742,2191.6089,3775.8425,1990.5229,144.9208,152.9208,0.1605,0.005,0.0786,3.8286,2.5619,3.7733,3.6981,1.0,81.74
10236.0,8.5,8.2702,2191.6929,3802.3904,1992.222,147.3194,155.3194,0.1688,0.0,0.0664,3.5974,2.5856,3.5822,3.4398,1.0,91.72
10236.5,8.5,8.2828,2191.7769,3798.926,2012.2876,149.952,157.952,0.1836,0.0,0.0293,3.3508,2.6561,3.3595,3.2239,1.0,100.0
10237.0,8.5,8.2748,2191.8606,3822.1306,2014.2517,147.5287,155.5287,0.1988,0.0,0.0099,3.1586,2.6933,3.1625,3.1026,1.0,100.0
10237.5,8.5,8.2601,2191.9446,3785.0144,2022.1494,143.5833,151.5833,0.2403,0.0,0.0,3.0274,2.5999,3.0271,3.015,1.0,100.0
10238.0,8.5,8.2718,2192.0283,3774.8325,2029.5065,143.2892,151.2892,0.2859,0.0,0.0,3.0906,2.4944,3.0818,3.0543,1.0,100.0
10238.5,8.5,8.3041,2192.1116,3750.7522,2004.0922,145.5524,153.5524,0.2789,0.0,0.0,3.2578,2.4839,3.2265,3.1632,1.0,100.0
10239.0,8.5,8.3139,2192.1948,3587.0471,1846.2567,149.3448,157.3448,0.2688,0.0,0.0,3.1177,2.504,3.0533,2.9191,1.0,100.0
10239.5,8.5,8.3108,2192.2781,3461.0837,1846.2567,150.9025,158.9025,0.2733,0.0,0.0,2.7446,2.5101,2.6942,2.5869,1.0,100.0
10240.0,8.5,8.3039,2192.3613,3316.6343,1846.2567,148.8324,156.8324,0.271,0.0,0.0,2.6173,2.5056,2.6048,2.546,1.0,100.0
10240.5,8.5,8.2499,2192.4443,3191.3625,1846.2567,148.2404,156.2404,0.266,0.0,0.0,2.6079,2.4892,2.6157,2.5732,1.0,100.0
10241.0,8.5,8.2605,2192.5276,3116.0515,1846.2567,148.466,156.466,0.2645,0.0,0.0,2.6719,2.4783,2.6798,2.6362,1.0,100.0
10241.5,8.5,8.2888,2192.6108,3116.7141,1846.2567,148.6113,156.6113,0.2447,0.0,0.0,2.7558,2.4999,2.7475,2.6906,1.0,100.0
10242.0,8.5,8.2704,2192.6941,3182.6416,1846.2567,148.3812,156.3812,0.2256,0.0,0.0,2.85,2.5471,2.8708,2.8038,1.0,100.0
10242.5,8.5,8.3283,2192.7773,3249.7234,1846.2567,147.0488,155.0488,0.2096,0.0,0.0647,3.0371,2.594,3.1008,3.0443,1.0,100.0
10243.0,8.5,8.2932,2192.8606,3285.5483,1846.2567,147.221,155.221,0.2058,0.0,0.0511,3.2462,2.6184,3.3036,3.2695,1.0,100.0
10243.5,8.5,8.2865,2192.9438,3318.4685,1846.2567,144.3456,152.3456,0.2053,0.0,0.0494,3.4285,2.6207,3.4314,3.4316,1.0,100.0
10244.0,8.5,8.2714,2193.0271,3360.3511,1846.2567,137.894,145.894,0.2026,0.0,0.0327,3.7008,2.6495,3.7045,3.6587,1.0,100.0
10244.5,8.5,8.2965,2193.1104,3460.9583,1846.2567,134.9661,142.9661,0.2154,0.0,0.0,3.7859,2.754,3.8299,3.6875,1.0,100.0
10245.0,8.5,8.3,2193.1936,3596.3074,1846.2567,141.4229,149.4229,0.2291,0.0,0.0,3.4871,2.8043,3.5054,3.3933,1.0,100.0
10245.5,8.5,8.3038,2193.2769,3696.7097,1846.2567,151.5723,159.5723,0.2591,0.0,0.0,3.2763,2.6929,3.2781,3.2454,1.0,100.0
10246.0,8.5,8.2817,2193.3601,3774.3186,1846.2567,152.1025,160.1025,0.2944,0.0,0.0,3.235,2.5651,3.1909,3.197,1.0,100.0
10246.5,8.5,8.2891,2193.4431,3798.0029,1846.2567,147.3328,155.3328,0.2821,0.0,0.0,3.4177,2.4452,3.342,3.2885,1.0,100.0
10247.0,8.5,8.2698,2193.5264,3732.8652,1846.2567,147.6339,155.6339,0.2523,0.0,0.0,3.253,2.3314,3.1659,3.011,1.0,100.0
10247.5,8.5,8.2466,2193.6096,3537.9001,1846.2567,145.595,153.595,0.2547,0.0,0.0,2.9363,2.3697,2.8917,2.7387,1.0,100.0
10248.0,8.5,8.2628,2193.6929,3298.5264,1846.2567,141.6543,149.6543,0.2537,0.0,0.0,2.6903,2.4871,2.6907,2.5851,1.0,99.48
10248.5,8.5,8.3114,2193.7761,3091.1587,1846.2567,142.9369,150.9369,0.2361,0.0084,0.0984,2.5654,2.5349,2.58,2.5191,1.0,100.0
10249.0,8.5,8.2343,2193.8594,3014.479,1846.2567,145.9614,153.9614,0.2209,0.0061,0.0961,2.6809,2.5379,2.6972,2.6827,1.0,100.0
10249.5,8.5,8.2261,2193.9426,3017.3767,1846.2567,145.9203,153.9203,0.2167,0.0076,0.0966,2.9515,2.5364,2.9362,2.9005,1.0,98.97
10250.0,8.5,8.2161,2194.0259,3107.0808,1846.2567,142.1814,150.1814,0.1898,0.0177,0.0946,3.1966,2.5358,3.1326,3.0444,1.0,85.53
10250.5,8.5,8.1947,2194.1091,3216.7202,1846.2567,134.6333,142.6333,0.0836,0.0284,0.0673,3.4271,2.5294,3.3234,3.1743,1.0,43.18
10251.0,8.5,8.1846,2194.1924,3260.1545,1846.2567,113.507,121.507,0.0654,0.0491,0.0728,3.4708,2.5151,3.3456,3.146,1.0,26.3
10251.5,8.5,8.1012,2194.2756,3295.1812,1846.2567,84.6327,92.6327,0.076,0.0744,0.0891,3.4822,2.5,3.393,3.166,1.0,16.37
10252.0,8.5,7.9249,2194.3589,3376.3091,1846.2567,65.3779,73.3779,0.0873,0.1021,0.1109,3.5657,2.469,3.5065,3.2226,1.0,9.75
10252.5,8.5,7.7325,2194.4419,3402.177,1846.2567,59.3554,67.3554,0.0897,0.1255,0.1305,3.7975,2.4306,3.7495,3.4577,1.0,5.46
10253.0,8.5,7.7383,2194.5251,3401.4895,1846.2567,60.2293,68.2293,0.0881,0.1316,0.1359,4.2209,2.4165,4.1601,3.8858,1.0,4.82
10253.5,8.5,7.7358,2194.6084,3407.8638,1892.8431,63.2302,71.2302,0.0868,0.1218,0.1275,4.9271,2.4334,4.8535,4.5247,1.0,6.32
10254.0,8.5,7.7376,2194.6917,3433.3179,1952.8197,66.8554,74.8554,0.0855,0.0974,0.1068,5.8106,2.476,5.751,5.4301,1.0,10.45
10254.5,8.5,8.0576,2194.7749,3560.3318,2054.199,70.3174,78.3174,0.084,0.0736,0.0871,6.6979,2.5166,6.6628,6.3887,1.0,14.95
10255.0,8.5,8.1484,2194.8582,3705.1038,2175.8574,72.6467,80.6467,0.0807,0.0619,0.0763,7.2004,2.5325,7.1378,6.7547,1.0,18.04
10255.5,8.5,8.1773,2194.9414,3877.0437,2274.1125,73.823,81.823,0.0809,0.0533,0.0694,7.6199,2.5472,7.5609,7.1731,1.0,20.09
10256.0,8.5,8.16,2195.0247,4061.1841,2381.9646,74.4317,82.4317,0.0815,0.0443,0.0621,8.0627,2.5632,8.0108,7.6696,1.0,22.25
10256.5,8.5,8.2356,2195.1079,4223.7949,2477.0781,75.0913,83.0913,0.081,0.043,0.0611,8.1291,2.5647,8.0405,7.6839,1.0,22.55
10257.0,8.5,8.2502,2195.1912,4379.3042,2563.2939,74.1626,82.1626,0.0799,0.045,0.0622,8.0304,2.5619,7.9189,7.545,1.0,21.62
10257.5,8.5,8.2618,2195.2744,4400.7261,2614.1729,72.551,80.551,0.0776,0.0488,0.0647,8.1608,2.5559,8.0972,7.69,1.0,19.85
10258.0,8.5,8.2558,2195.3577,4417.1157,2553.2041,72.5525,80.5525,0.0776,0.0537,0.0689,7.8796,2.5469,7.8487,7.42,1.0,18.88
10258.5,8.5,8.2499,2195.4407,4428.6558,2556.5063,72.1298,80.1298,0.0814,0.0533,0.0692,7.4663,2.5488,7.4894,7.1904,1.0,19.77
10259.0,8.5,8.2326,2195.5239,4428.958,2591.5305,70.6119,78.6119,0.0814,0.0486,0.0649,7.312,2.5588,7.4013,7.236,1.0,20.33
10259.5,8.5,8.2289,2195.6072,4443.3945,2591.1626,69.4405,77.4405,0.082,0.0437,0.0604,7.217,2.5668,7.2699,7.16,1.0,20.95
10260.0,8.5,8.2208,2195.6904,4383.6245,2596.2192,73.263,81.263,0.0849,0.0393,0.0582,6.9498,2.5721,6.9295,6.8046,1.0,23.65
10260.5,8.5,8.2239,2195.7737,4303.644,2547.2915,81.1675,89.1675,0.0889,0.0271,0.0509,6.6293,2.5876,6.54,6.3857,1.0,29.75
10261.0,8.5,8.2214,2195.8569,4248.167,2499.4729,88.9159,96.9159,0.0982,0.0064,0.0379,6.2048,2.6142,6.0691,5.8859,1.0,39.49
10261.5,8.5,8.2084,2195.9402,4253.4844,2482.5981,96.2176,104.2176,0.1062,0.0,0.0315,5.6196,2.6288,5.4911,5.2481,1.0,47.78
10262.0,8.5,8.2263,2196.0229,4336.1665,2478.0649,100.7929,108.7929,0.1115,0.0,0.0181,5.0777,2.655,5.0392,4.7964,1.0,56.38
10262.5,8.5,8.2329,2196.105,4407.0762,2514.5776,102.5012,110.5012,0.1242,0.0,0.0,5.0112,2.7467,4.991,4.7541,1.0,79.34
10263.0,8.5,8.2236,2196.1868,4377.7061,2558.2488,107.9541,115.9541,0.1453,0.0,0.0,4.8193,2.8628,4.8218,4.6204,1.0,100.0
10263.5,8.5,8.2199,2196.2688,4304.5986,2514.4243,114.0538,122.0538,0.1574,0.0,0.0,4.7579,2.9299,4.7602,4.5955,1.0,100.0
10264.0,8.5,8.2204,2196.3506,4202.9492,2392.8271,118.8073,126.8073,0.1559,0.0,0.0,4.7905,2.9627,4.8067,4.718,1.0,100.0
10264.5,8.5,8.2217,2196.4326,4128.0117,2305.6812,120.7544,128.7544,0.14,0.0,0.0,4.9713,2.9851,5.0335,4.9734,1.0,100.0
10265.0,8.5,8.2214,2196.5144,4054.5286,2274.1245,118.7503,126.7503,0.1355,0.0,0.0,5.1612,2.996,5.2629,5.1677,1.0,100.0
10265.5,8.5,8.2158,2196.5962,3979.4602,2214.3325,117.4112,125.4112,0.1613,0.0,0.0,5.2616,2.9975,5.3855,5.2879,1.0,100.0
10266.0,8.5,8.2169,2196.6782,3928.2603,2173.3938,119.9286,127.9286,0.1731,0.0,0.0,5.1224,2.9858,5.1938,5.1655,1.0,100.0
10266.5,8.5,8.2158,2196.76,3918.8054,2161.6455,123.7533,131.7533,0.1795,0.0,0.0,4.8827,2.9668,4.8764,4.9113,1.0,100.0
10267.0,8.5,8.2154,2196.842,3966.178,2178.2244,123.2374,131.2374,0.1726,0.0,0.0,4.9293,2.9442,4.8478,4.9093,1.0,100.0
10267.5,8.5,8.2212,2196.9238,4015.3184,2200.4297,118.627,126.627,0.1738,0.0,0.0,4.9559,2.8745,4.821,4.7094,1.0,100.0
10268.0,8.5,8.2169,2197.0059,4023.9058,2206.0068,120.0208,128.0208,0.1803,0.0,0.0,4.6295,2.768,4.4225,4.1411,1.0,100.0
10268.5,8.5,8.2089,2197.0876,4003.1365,2181.4106,124.289,132.289,0.1911,0.0,0.0,4.2665,2.7429,4.0769,3.8031,1.0,100.0
10269.0,8.5,8.172,2197.1694,3969.6855,2140.8884,129.2927,137.2927,0.1915,0.0,0.0,3.9043,2.7626,3.8104,3.51,1.0,100.0
10269.5,8.5,8.139,2197.2515,3971.9099,2142.3962,138.0,146.0,0.1552,0.0,0.0092,3.7254,2.6867,3.7138,3.3865,1.0,100.0
10270.0,8.5,8.0345,2197.3333,3959.9741,2129.9194,142.4141,150.4141,0.1247,0.0113,0.0683,4.0415,2.5758,4.0534,3.7183,1.0,71.13
10270.5,8.5,7.9749,2197.4153,3848.5093,2062.9944,133.7069,141.7069,0.1246,0.0361,0.0806,4.3142,2.5196,4.273,3.88,1.0,55.65
10271.0,8.5,7.8151,2197.4971,3726.4712,2014.04,114.1709,122.1709,0.1332,0.0735,0.1065,4.1263,2.4777,4.0381,3.6254,1.0,41.29
10271.5,8.5,7.7794,2197.5791,3602.8328,1985.6262,98.4608,106.4608,0.1351,0.0966,0.1216,4.1706,2.4538,4.1605,3.9258,1.0,31.23
10272.0,8.5,7.8562,2197.6609,3601.8193,1977.4475,93.7235,101.7235,0.1321,0.0763,0.1034,4.6109,2.4941,4.6786,4.7046,1.0,33.85
10272.5,8.5,8.0637,2197.7429,3728.2808,2006.0576,96.83,104.83,0.1445,0.0336,0.0726,4.4225,2.56,4.3316,4.3687,1.0,48.74
10273.0,8.5,8.1655,2197.8247,3749.3496,2072.842,102.3595,110.3595,0.16,0.0168,0.0646,4.2836,2.5779,4.0916,4.0949,1.0,59.74
10273.5,8.5,8.2135,2197.9065,3726.3481,2136.7864,103.8177,111.8177,0.1594,0.0209,0.0683,4.0896,2.5714,3.9284,3.7583,1.0,59.24
10274.0,8.5,8.2141,2197.9885,3882.3921,2176.5334,107.371,115.371,0.1695,0.0,0.0543,3.7809,2.599,3.688,3.4494,1.0,69.88
10274.5,8.5,8.2665,2198.071,3847.1584,2181.356,116.5107,124.5107,0.1861,0.0,0.0465,3.4539,2.6176,3.3938,3.159,1.0,85.67
10275.0,8.5,8.2991,2198.1536,3859.8599,2127.7637,124.4209,132.4209,0.2163,0.0,0.0645,3.1588,2.5906,3.1371,2.9425,1.0,97.21
10275.5,8.5,8.2714,2198.2361,3815.9338,2017.9496,131.5931,139.5931,0.2331,0.0,0.0783,3.1071,2.5691,3.1202,2.9733,1.0,100.0
10276.0,8.5,8.2418,2198.3186,3699.8733,1928.6953,132.9789,140.9789,0.2486,0.0,0.0787,3.6432,2.5707,3.7455,3.699,1.0,100.0
10276.5,8.5,8.2237,2198.4014,3568.176,1870.2645,122.4331,130.4331,0.243,0.0,0.0759,4.507,2.5727,4.6722,4.6132,1.0,100.0
10277.0,8.5,8.2218,2198.4839,3462.6646,1812.2642,106.4345,114.4345,0.1986,0.0098,0.0697,5.1012,2.5747,5.2528,5.204,1.0,74.83
10277.5,8.5,8.2226,2198.5664,3500.9011,1867.1597,94.2343,102.2343,0.1419,0.0254,0.0644,5.6177,2.5738,5.7332,5.7799,1.0,48.84
10278.0,8.5,8.2253,2198.6489,3611.2761,1991.1886,88.4206,96.4206,0.1133,0.0334,0.0632,5.9792,2.5708,6.0965,6.2054,1.0,37.22
10278.5,8.5,8.2253,2198.7314,3815.3557,2140.2632,89.1081,97.1081,0.1092,0.0334,0.0626,6.1954,2.5714,6.2469,6.3232,1.0,36.47
10279.0,8.5,8.2431,2198.8142,4079.1201,2288.2986,92.133,100.133,0.1097,0.0377,0.0669,5.9744,2.5613,5.8826,5.7316,1.0,36.58
10279.5,8.5,8.2601,2198.8967,4170.8345,2388.9993,95.6981,103.6981,0.1373,0.0506,0.0846,5.3455,2.5372,5.1821,4.9057,1.0,42.46
10280.0,8.5,8.2183,2198.9792,4263.4077,2393.4041,103.0627,111.0627,0.2002,0.0453,0.0965,4.649,2.5256,4.5093,4.2226,1.0,63.91
10280.5,8.5,8.2312,2199.0618,4250.3047,2346.5378,112.1164,120.1164,0.2398,0.0283,0.0964,4.4106,2.5327,4.2687,4.0301,1.0,85.05
10281.0,8.5,8.2523,2199.1445,4128.6992,2243.5093,118.9381,126.9381,0.2478,0.0203,0.0954,4.4014,2.5371,4.2137,3.9984,1.0,93.81
10281.5,8.5,8.2572,2199.2271,3940.3518,2152.5469,121.2991,129.2991,0.2417,0.0183,0.0934,4.646,2.5405,4.4003,4.1796,1.0,93.87
10282.0,8.5,8.273,2199.3096,3757.7532,2010.7185,119.8218,127.8218,0.2087,0.0203,0.086,5.1184,2.5494,4.8693,4.4759,1.0,82.13
10282.5,8.5,8.2493,2199.3921,3641.1421,1898.3499,117.144,125.144,0.1727,0.0171,0.0737,5.781,2.5664,5.5795,4.9729,1.0,70.8
10283.0,8.5,8.1904,2199.4746,3607.4893,1875.728,117.4021,125.4021,0.1477,0.0048,0.0582,6.6047,2.5903,6.467,5.6224,1.0,66.74
10283.5,8.5,8.1684,2199.5574,3711.3977,1935.3463,121.0307,129.0307,0.1297,0.002,0.0523,7.3748,2.5911,7.3097,6.4059,1.0,62.83
10284.0,8.5,8.0469,2199.6399,3905.0439,2048.6885,115.6839,123.6839,0.125,0.0232,0.0656,9.7713,2.5616,10.1237,9.3619,1.0,53.01
10284.5,8.5,8.0267,2199.7224,4047.4915,2206.4268,92.5669,100.5669,0.1037,0.0611,0.0846,16.0277,2.5188,17.6405,17.574,0.9067,29.39
10285.0,8.5,7.7946,2199.8049,4134.1763,2332.0779,65.0187,73.0187,0.0805,0.1153,0.1211,25.3923,2.4392,26.6957,28.6537,0.4918,7.3
10285.5,8.5,7.6848,2199.8877,4261.5366,2366.1694,48.4948,56.4948,0.0793,0.1748,0.1773,34.2039,2.3049,34.9875,33.9431,0.0958,3.14
10286.0,8.5,7.6509,2199.9702,4116.3154,2287.5205,42.7777,50.7777,0.0817,0.2377,0.2391,40.7239,2.1539,38.568,24.6743,0.0995,1.81
10286.5,8.5,7.6399,2200.0522,3935.0205,2203.261,41.7716,49.7716,0.0846,0.2824,0.2836,39.5449,2.0447,34.9518,18.2218,0.1925,1.57
10287.0,8.5,7.6582,2200.1343,3757.8506,2163.3806,41.4859,49.4859,0.0844,0.2996,0.3008,21.477,2.001,17.5923,8.0394,0.2356,1.51
10287.5,8.5,7.6859,2200.2161,3520.4233,2032.9366,41.2292,49.2292,0.0841,0.3014,0.3026,10.1363,1.9964,8.2725,5.2311,0.3094,1.45
10288.0,8.5,7.7234,2200.2981,3455.0066,2000.2506,41.4482,49.4482,0.0873,0.3004,0.3016,8.2159,2.0023,7.1753,5.2892,0.4053,1.5
10288.5,8.5,7.7213,2200.3799,3479.3369,2016.7026,42.6073,50.6073,0.0942,0.2982,0.2996,6.7747,2.0139,5.9251,4.5252,0.4188,1.77
10289.0,8.5,7.7334,2200.4619,3458.0327,2018.3975,45.1507,53.1507,0.1066,0.2891,0.291,6.6095,2.0473,5.9433,5.0375,0.4173,2.36
10289.5,8.5,7.7616,2200.5437,3414.5522,2000.7708,52.7709,60.7709,0.1145,0.2591,0.2624,7.0148,2.1235,6.4724,5.9347,0.4022,4.13
10290.0,8.5,7.7498,2200.6257,3426.1357,2000.0105,68.7646,76.7646,0.1266,0.2075,0.214,7.285,2.2494,6.7553,6.3255,0.4082,8.09
10290.5,8.5,7.8336,2200.7075,3546.6563,2015.8383,86.8989,94.8989,0.1403,0.1316,0.1489,6.684,2.4035,6.2525,5.9423,0.5404,21.63
10291.0,8.5,8.1102,2200.7896,3659.3928,2072.7996,98.6152,106.6152,0.1559,0.0642,0.1004,6.1755,2.5118,5.7898,5.5106,0.9062,45.35
10291.5,8.5,8.1815,2200.8713,3791.0022,2128.5674,106.4355,114.4355,0.1649,0.0356,0.0823,5.7611,2.5475,5.4028,5.1019,1.0,58.27
10292.0,8.5,8.1935,2200.9534,3920.9683,2151.1279,113.42,121.42,0.1758,0.0142,0.0706,5.4423,2.5716,5.1272,4.7878,1.0,70.56
10292.5,8.5,8.1681,2201.0352,4002.8997,2186.5168,119.8457,127.8457,0.1798,0.0,0.0612,4.9927,2.5907,4.8131,4.5129,1.0,79.95
10293.0,8.5,8.1856,2201.1172,4026.1702,2171.7832,126.1786,134.1786,0.1944,0.0,0.0632,4.6982,2.5904,4.5894,4.3051,1.0,89.72
10293.5,8.5,8.1738,2201.199,4035.6858,2136.0364,131.2927,139.2927,0.2048,0.0,0.0584,4.5965,2.6017,4.525,4.2451,1.0,100.0
10294.0,8.5,8.155,2201.281,3933.1316,2097.9741,132.8526,140.8526,0.2091,0.0,0.0598,4.7255,2.6002,4.6883,4.4136,1.0,100.0
10294.5,8.5,8.091,2201.3628,3828.8188,2056.3516,124.7142,132.7142,0.1931,0.019,0.0833,5.3701,2.5534,5.3438,5.059,0.788,80.45
10295.0,8.5,8.0305,2201.4448,3778.937,2039.2953,103.1066,111.1066,0.1587,0.0669,0.1044,6.3076,2.5024,6.2642,5.873,0.6308,46.97
10295.5,8.5,7.9021,2201.5266,3795.2083,2070.5044,75.9854,83.9854,0.0926,0.0809,0.0953,7.1953,2.4971,7.1556,6.7418,0.6966,17.98
10296.0,8.5,8.0717,2201.6086,3976.2053,2133.7334,63.8437,71.8437,0.0687,0.0648,0.075,8.3439,2.5321,8.2853,7.9359,0.8843,12.74
10296.5,8.5,8.1519,2201.6904,4171.5537,2267.0562,66.0136,74.0136,0.0669,0.0506,0.0629,9.6441,2.5561,9.5859,9.177,1.0,15.35
10297.0,8.5,8.1349,2201.7725,4360.4648,2459.0322,69.2199,77.2199,0.0645,0.047,0.06,10.4233,2.5594,10.6272,9.8933,1.0,16.21
10297.5,8.5,8.1247,2201.8542,4520.7056,2559.7075,70.4843,78.4843,0.0646,0.0469,0.0601,11.5588,2.5585,11.9316,10.7585,1.0,16.56
10298.0,8.5,8.0959,2201.9363,4620.0439,2646.1758,70.1718,78.1718,0.0663,0.049,0.0622,13.0754,2.5553,13.2323,12.283,1.0,16.48
10298.5,8.5,8.0802,2202.0181,4724.1167,2709.9956,64.4496,72.4496,0.0622,0.0564,0.0667,14.2699,2.5456,13.9245,12.0771,1.0,12.91
10299.0,8.5,7.9062,2202.1001,4932.2622,2731.927,54.8128,62.8128,0.0615,0.084,0.0892,14.7406,2.501,13.5434,10.2759,0.7628,6.5
10299.5,8.5,7.8487,2202.1819,4922.4409,2739.7407,47.8121,55.8121,0.0634,0.1226,0.125,17.158,2.4206,16.3231,12.1138,0.6235,2.98
10300.0,8.5,7.752,2202.2639,4728.6748,2747.5996,45.9075,53.9075,0.0651,0.1498,0.1518,17.3637,2.3554,15.6995,10.0189,0.5511,2.54
10300.5,8.5,7.7372,2202.3457,4494.8325,2696.8345,46.5115,54.5115,0.0748,0.1659,0.1681,13.221,2.3247,11.0023,7.1309,0.516,2.68
10301.0,8.5,7.713,2202.4277,4185.7783,2525.9702,47.1136,55.1136,0.0873,0.1826,0.1849,13.497,2.2953,11.1066,7.1824,0.4922,2.82
10301.5,8.5,7.712,2202.5095,3913.3765,2392.7031,47.5671,55.5671,0.0955,0.1957,0.198,12.1395,2.2704,9.8477,6.3328,0.4532,2.92
10302.0,8.5,7.7195,2202.5916,3762.7585,2290.9714,48.7735,56.7735,0.0989,0.1936,0.1962,13.3405,2.278,11.3846,7.6357,0.4445,3.2
10302.5,8.5,7.7073,2202.6733,3737.6394,2238.4524,49.2597,57.2597,0.0986,0.1848,0.1875,15.0049,2.2996,12.5531,8.2582,0.4584,3.32
10303.0,8.5,7.7061,2202.7554,3745.1758,2224.0774,48.6903,56.6903,0.0959,0.1864,0.1889,13.9873,2.2933,11.0014,6.9032,0.478,3.18
10303.5,8.5,7.7166,2202.8372,3768.7651,2203.5125,47.3392,55.3392,0.0925,0.2078,0.2101,12.4106,2.2366,9.9035,6.4192,0.4196,2.87
10304.0,8.5,7.7095,2202.9192,3751.749,2195.6489,50.2739,58.2739,0.0934,0.2289,0.2318,12.1568,2.1807,10.0442,6.4873,0.3707,3.55
10304.5,8.5,7.7047,2203.001,3696.8713,2194.3811,59.1601,67.1601,0.0984,0.215,0.2195,13.1991,2.2117,11.5253,7.7702,0.3637,5.62
10305.0,8.5,7.7333,2203.083,3681.2529,2196.0383,64.9231,72.9231,0.0955,0.1763,0.182,19.6626,2.3007,19.8007,13.7152,0.3189,7.13
10305.5,8.5,7.8377,2203.1648,3711.9897,2287.0125,60.0713,68.0713,0.0905,0.1726,0.1772,20.6407,2.3105,19.7693,10.53,0.3262,5.83
10306.0,8.5,7.7073,2203.2468,3744.4995,2358.0891,50.1112,58.1112,0.0817,0.2074,0.2102,17.5121,2.2231,15.3856,7.9382,0.3383,3.51
10306.5,8.5,7.7166,2203.3286,3784.9954,2337.0593,44.7463,52.7463,0.0826,0.2355,0.2373,18.2301,2.1583,16.7157,9.4432,0.395,2.27
10307.0,8.5,7.7167,2203.4106,3833.239,2280.1775,43.4716,51.4716,0.0867,0.2412,0.2428,14.828,2.1498,13.535,8.5554,0.4137,1.97
10307.5,8.5,7.708,2203.4924,3830.3633,2267.0679,43.6684,51.6684,0.0942,0.2378,0.2394,14.228,2.1662,13.6014,10.6141,0.3746,2.02
10308.0,8.5,7.7015,2203.5745,3699.137,2241.5637,45.0176,53.0176,0.101,0.2287,0.2305,16.2039,2.1952,15.2468,12.662,0.3828,2.33
10308.5,8.5,7.6868,2203.6563,3637.0449,2191.3335,47.0815,55.0815,0.1037,0.2179,0.2201,11.9466,2.2233,10.6414,8.8341,0.4071,2.81
10309.0,8.5,7.7266,2203.7383,3647.0632,2153.2876,51.029,59.029,0.1172,0.2008,0.2038,9.9501,2.2765,8.9912,7.8399,0.4499,3.73
10309.5,8.5,7.8842,2203.8201,3656.9695,2145.489,58.3861,66.3861,0.1226,0.1562,0.1621,7.7937,2.3792,7.2553,6.5465,0.5703,7.4
10310.0,8.5,8.0271,2203.9021,3673.5371,2151.2192,73.7693,81.7693,0.1274,0.0892,0.1082,6.3049,2.4887,6.0673,5.6456,0.856,23.78
10310.5,8.5,8.1014,2203.9839,3732.1609,2149.8855,98.9596,106.9596,0.1387,0.0427,0.0796,5.4414,2.5472,5.2703,4.9252,1.0,46.06
10311.0,8.5,8.1267,2204.0637,3745.8247,2118.4216,120.9431,128.9431,0.1462,0.0181,0.0689,5.1539,2.5642,5.0202,4.7559,1.0,63.48
10311.5,8.5,8.1197,2204.1431,3843.6316,2116.3403,130.1119,138.1119,0.148,0.0,0.0549,4.9359,2.6003,4.8405,4.6401,1.0,76.77
10312.0,8.5,8.1453,2204.2224,3919.6575,2111.1382,131.923,139.923,0.1546,0.0,0.0217,4.7999,2.6621,4.7328,4.5566,1.0,93.61
10312.5,8.5,8.2115,2204.3018,3967.6807,2113.0115,129.8604,137.8604,0.1583,0.0,0.0,4.7794,2.7303,4.7407,4.5735,1.0,100.0
10313.0,8.5,8.2275,2204.3811,4030.4187,2154.6421,125.2949,133.2949,0.1577,0.0,0.0,4.8008,2.773,4.7816,4.6151,1.0,100.0
10313.5,8.5,8.1764,2204.4604,4049.0349,2165.311,119.1491,127.1491,0.1489,0.0,0.0,4.7651,2.7211,4.7538,4.5939,1.0,95.23
10314.0,8.5,8.1676,2204.5398,4035.2046,2156.8469,115.5836,123.5836,0.1432,0.0,0.0372,4.6952,2.6283,4.6824,4.5385,1.0,71.28
10314.5,8.5,8.1715,2204.6191,4027.6599,2207.1475,119.9723,127.9723,0.1481,0.0,0.0556,4.7016,2.5966,4.6645,4.5247,1.0,69.66
10315.0,8.5,8.1696,2204.6985,3999.6953,2211.0479,124.4549,132.4549,0.1487,0.0026,0.0597,4.7441,2.5903,4.6392,4.4848,1.0,71.46
10315.5,8.5,8.1852,2204.7776,3965.27,2196.1221,125.6558,133.6558,0.1621,0.0128,0.0714,4.7224,2.5712,4.5461,4.3455,1.0,73.29
10316.0,8.5,8.1732,2204.8569,3901.3252,2169.7471,124.9294,132.9294,0.1975,0.0077,0.0758,4.6351,2.5676,4.3587,4.031,1.0,85.2
10316.5,8.5,8.1896,2204.9363,3820.5881,2093.9443,121.7627,129.7627,0.2272,0.0019,0.0775,4.5302,2.5677,4.2593,3.8392,1.0,94.5
10317.0,8.5,8.1703,2205.0156,3741.1716,1987.8188,118.0714,126.0714,0.2425,0.0164,0.0906,4.2838,2.5448,4.0588,3.5848,1.0,92.83
10317.5,8.5,8.2414,2205.095,3655.6362,1900.3666,115.804,123.804,0.2583,0.0321,0.1055,4.0416,2.5193,3.873,3.4386,1.0,91.77
10318.0,8.5,8.2996,2205.1743,3570.0776,1843.7317,116.4584,124.4584,0.255,0.0345,0.1068,4.0061,2.5166,3.89,3.5361,1.0,90.35
10318.5,8.5,8.2984,2205.2537,3524.7549,1814.1798,111.0104,119.0104,0.2482,0.0287,0.0982,4.1945,2.5302,4.1018,3.8423,1.0,86.92
10319.0,8.5,8.1922,2205.333,3564.6997,1857.2727,99.4996,107.4996,0.2078,0.0309,0.0854,4.6812,2.5458,4.6138,4.4274,1.0,68.09
10319.5,8.5,8.2985,2205.4124,3697.6201,1952.7683,91.039,99.039,0.154,0.0319,0.0711,5.4141,2.5626,5.3362,5.1389,1.0,48.99
10320.0,8.5,8.2808,2205.4915,3923.1182,2119.4807,85.9857,93.9857,0.1199,0.0287,0.0598,5.9989,2.5772,5.859,5.5904,1.0,38.84
10320.5,8.5,8.2155,2205.5708,4155.0171,2333.4419,83.5389,91.5389,0.1166,0.0285,0.0582,6.0181,2.5791,5.9747,5.6995,1.0,37.06
10321.0,8.5,8.2034,2205.6501,4253.0688,2414.4163,82.4671,90.4671,0.1115,0.0327,0.0603,6.0876,2.5743,6.0583,5.811,1.0,34.51
10321.5,8.5,8.2057,2205.7295,4220.4727,2453.9363,82.6597,90.6597,0.1105,0.0331,0.0605,6.0558,2.5738,6.0171,5.7706,1.0,34.25
10322.0,8.5,8.2107,2205.8088,4247.3613,2466.6782,83.5813,91.5813,0.1113,0.0314,0.0595,6.0382,2.576,5.9818,5.7334,1.0,35.19
10322.5,8.5,8.2236,2205.8882,4208.8633,2488.0942,84.2142,92.2142,0.1139,0.0293,0.0585,6.0435,2.5783,5.9794,5.7308,1.0,36.51
10323.0,8.5,8.2207,2205.9675,4157.0176,2493.8635,87.8121,95.8121,0.1183,0.0257,0.0576,6.0573,2.5814,5.9849,5.7271,1.0,39.88
10323.5,8.5,8.224,2206.0457,4149.4961,2367.1636,91.6302,99.6302,0.122,0.0239,0.0582,6.0374,2.5818,5.9549,5.6865,1.0,42.85
10324.0,8.5,8.2305,2206.1233,4153.5674,2298.8228,93.6094,101.6094,0.1263,0.028,0.0631,5.9674,2.574,5.9019,5.6433,1.0,43.91
10324.5,8.5,8.2569,2206.2007,4187.2275,2335.6931,96.1058,104.1058,0.1239,0.0354,0.0695,5.8398,2.5622,5.8145,5.5603,1.0,42.61
10325.0,8.5,8.2575,2206.2781,4196.7573,2283.7979,99.1839,107.1839,0.124,0.0363,0.071,5.686,2.5574,5.6934,5.4375,1.0,43.43
10325.5,8.5,8.2714,2206.3557,4173.7358,2299.5164,102.2116,110.2116,0.1243,0.0336,0.0698,5.5898,2.5588,5.6127,5.4067,1.0,45.26
10326.0,8.5,8.2848,2206.4331,4141.6592,2302.6836,104.6568,112.6568,0.1284,0.0311,0.0695,5.5605,2.5606,5.5543,5.4129,1.0,48.04
10326.5,8.5,8.3093,2206.5107,4138.959,2316.5283,104.3629,112.3629,0.1242,0.027,0.0652,5.571,2.5676,5.4803,5.3516,1.0,47.74
10327.0,8.5,8.2819,2206.5881,4100.522,2336.9841,104.05,112.05,0.1179,0.0226,0.0601,5.5735,2.5752,5.4446,5.2139,1.0,46.87
10327.5,8.5,8.2603,2206.6658,4067.3025,2330.8027,108.6885,116.6885,0.12,0.0231,0.0623,5.3368,2.5694,5.2465,4.9302,1.0,48.99
10328.0,8.5,8.2776,2206.7432,4046.3577,2307.8284,114.4305,122.4305,0.1244,0.0241,0.0658,4.9591,2.5615,4.9362,4.7029,1.0,52.12
10328.5,8.5,8.2643,2206.8206,4007.3467,2241.8325,118.0269,126.0269,0.1278,0.0237,0.0674,4.7939,2.5582,4.7922,4.6184,1.0,54.64
10329.0,8.5,8.2736,2206.8982,3913.01,2173.1411,119.3567,127.3567,0.1379,0.0351,0.0791,4.8424,2.5377,4.8466,4.7661,1.0,55.11
10329.5,8.5,8.2811,2206.9756,3811.0911,2105.6355,119.2414,127.2414,0.1537,0.0531,0.0971,5.1644,2.5076,5.1491,5.1014,0.9276,54.91
10330.0,8.5,8.2909,2207.0532,3743.1841,2066.501,120.4456,128.4456,0.1612,0.0548,0.1006,5.4891,2.5034,5.3976,5.2523,0.8901,57.25
10330.5,8.5,8.2907,2207.1306,3725.1321,2088.0403,118.9075,126.9075,0.1613,0.046,0.0934,5.5738,2.52,5.4442,5.1863,0.997,59.34
10331.0,8.5,8.2853,2207.208,3777.7285,2132.1248,107.1639,115.1639,0.1544,0.0494,0.091,5.5911,2.5274,5.4633,5.1469,1.0,51.89
10331.5,8.5,8.3044,2207.2856,3789.1316,2143.1855,93.7757,101.7757,0.1552,0.0547,0.0909,5.4271,2.5278,5.3245,5.0005,1.0,45.19
10332.0,8.5,8.3119,2207.363,3790.5166,2128.7058,87.0678,95.0678,0.163,0.0515,0.0875,5.1904,2.5335,5.1085,4.8144,1.0,44.96
10332.5,8.5,8.2253,2207.4407,3835.0042,2125.0457,81.5492,89.5492,0.1714,0.0425,0.0799,5.5029,2.547,5.3384,5.0936,1.0,46.7
10333.0,8.5,8.1598,2207.5181,3926.6306,2168.4351,72.4896,80.4896,0.1656,0.0347,0.0691,6.1687,2.5635,5.8923,5.5642,1.0,43.06
10333.5,8.5,8.1185,2207.5955,4115.2485,2273.6243,64.5721,72.5721,0.147,0.032,0.0606,7.0583,2.5744,6.6408,5.8963,1.0,35.83
10334.0,8.5,8.0642,2207.6731,4242.6436,2398.6006,61.2023,69.2023,0.1333,0.0463,0.0691,8.0927,2.5566,7.6006,6.3456,1.0,28.53
10334.5,8.5,8.013,2207.7505,4316.8711,2478.0388,59.8722,67.8722,0.1134,0.0888,0.1021,9.195,2.4947,8.4895,6.4581,1.0,16.56
10335.0,8.5,7.9914,2207.8281,4162.7969,2469.1118,58.2196,66.2196,0.1015,0.1299,0.136,9.1935,2.4233,8.2388,5.8396,0.8816,7.62
10335.5,8.5,7.788,2207.9055,3845.2026,2357.644,56.1773,64.1773,0.1046,0.1556,0.1596,9.55,2.3728,8.457,5.8545,0.728,4.92
10336.0,8.5,7.7804,2207.9832,3809.9617,2276.4124,52.4477,60.4477,0.103,0.1655,0.1688,10.2804,2.3499,9.1914,6.4396,0.5627,4.06
10336.5,8.5,7.7958,2208.061,3765.3242,2249.6008,49.4711,57.4711,0.1057,0.1672,0.1699,12.7259,2.3517,11.5262,8.2842,0.4508,3.37
10337.0,8.5,7.7959,2208.1392,3645.7935,2249.2405,46.9831,54.9831,0.1065,0.1703,0.1725,18.9025,2.3473,17.2795,12.6447,0.3899,2.79
10337.5,8.5,7.7909,2208.2173,3718.47,2247.302,44.0918,52.0918,0.105,0.1911,0.1928,23.2953,2.296,19.6778,12.0403,0.2813,2.11
10338.0,8.5,7.7417,2208.2954,3663.8052,2237.6077,41.889,49.889,0.1055,0.2216,0.2229,32.3183,2.2213,29.5396,19.3787,0.2122,1.6
10338.5,8.5,7.7382,2208.3733,3548.6257,2226.6216,39.7138,47.7138,0.106,0.2395,0.2404,38.0545,2.1787,35.5095,21.361,0.1916,1.1
10339.0,8.5,7.7274,2208.4514,3512.1155,2158.4385,38.3261,46.3261,0.1061,0.2487,0.2493,37.848,2.157,35.0724,21.9676,0.1613,0.77
10339.5,8.5,7.722,2208.5295,3515.0806,2083.6724,36.6354,44.6354,0.103,0.259,0.2593,45.9833,2.1296,45.5,32.1194,0.128,0.38
10340.0,8.5,7.7154,2208.6077,3509.3696,2081.4424,35.5753,43.5753,0.0986,0.2711,0.2712,54.8447,2.0953,54.2862,36.6811,0.1077,0.13
10340.5,8.5,7.7226,2208.6858,3506.7859,2094.2854,37.2436,45.2436,0.0985,0.2844,0.2848,55.9465,2.0595,60.0551,41.8674,0.0771,0.52
10341.0,8.5,7.7248,2208.7639,3491.405,2053.9707,37.2932,45.2932,0.0985,0.2925,0.2929,63.3945,2.0389,77.6073,68.2753,0.0781,0.53
10341.5,8.5,7.7318,2208.842,3481.0496,2001.8928,35.8317,43.8317,0.0974,0.2945,0.2947,53.1411,2.0342,61.0772,56.3719,0.0979,0.19
10342.0,8.5,7.7316,2208.9202,3460.1643,1985.2333,36.6623,44.6623,0.0952,0.2951,0.2954,42.3314,2.0296,42.3117,34.7937,0.1345,0.39
10342.5,8.5,7.7403,2208.9983,3420.5222,1986.7148,39.6746,47.6746,0.094,0.293,0.2938,31.1153,2.0303,26.509,20.0491,0.1947,1.09
10343.0,8.5,7.7385,2209.0762,3399.9604,1979.5177,45.0315,53.0315,0.0921,0.2848,0.2867,17.9362,2.043,14.2142,10.0573,0.2685,2.33
10343.5,8.5,7.7197,2209.1543,3445.7227,1979.7323,65.9911,73.9911,0.1048,0.2735,0.2794,12.715,2.0617,10.4306,7.6551,0.3271,7.39
10344.0,8.5,7.6679,2209.2324,3436.6238,1997.6785,108.1216,116.1216,0.1493,0.2413,0.2573,7.9088,2.137,6.9119,5.531,0.4,20.07
10344.5,8.5,7.6861,2209.3105,3490.5613,2023.0809,140.0802,148.0802,0.2046,0.1484,0.1891,5.8026,2.3243,5.3799,4.8545,0.5789,50.93
10345.0,8.5,8.1002,2209.3887,3595.8196,2031.7129,147.7636,155.7636,0.2368,0.0,0.0,5.1235,2.5052,4.8654,4.5403,1.0,100.0
10345.5,8.5,8.132,2209.4668,3664.7651,2011.463,144.2009,152.2009,0.2497,0.0,0.0,5.0339,2.5427,4.7621,4.4053,1.0,100.0
10346.0,8.5,8.3466,2209.5449,3569.9268,1997.3212,132.9311,140.9311,0.2549,0.0,0.0,4.8795,2.5085,4.6149,4.2349,1.0,100.0
10346.5,8.5,8.2049,2209.623,3384.2075,1881.8927,115.1783,123.1783,0.2529,0.0,0.0,4.6207,2.5103,4.4875,4.186,1.0,100.0
10347.0,8.5,8.244,2209.7009,3266.3069,1789.3141,98.8193,106.8193,0.2301,0.0181,0.0803,4.3397,2.5576,4.3099,4.1488,1.0,77.76
10347.5,8.5,8.284,2209.7791,3232.7173,1673.0485,90.7669,98.7669,0.1733,0.0,0.048,4.2196,2.607,4.2405,4.1513,1.0,62.66
10348.0,8.5,8.3065,2209.8572,3469.8506,1764.0165,90.5777,98.5777,0.1442,0.0,0.0384,4.169,2.6204,4.1971,4.1423,1.0,55.39
10348.5,8.5,8.3186,2209.9353,3836.2783,1866.1023,97.0145,105.0145,0.1553,0.0,0.0463,4.1669,2.6091,4.1728,4.1038,1.0,60.68
10349.0,8.5,8.334,2210.0134,4015.551,2043.801,107.1622,115.1622,0.1671,0.0008,0.0556,4.14,2.5963,4.1382,4.0555,1.0,68.39
10349.5,8.5,8.3298,2210.0916,4045.1978,2269.7266,114.4717,122.4717,0.18,0.0007,0.0616,4.106,2.5888,4.1024,4.0246,1.0,76.1
10350.0,8.5,8.3684,2210.1697,4038.4128,2311.532,119.4214,127.4214,0.19,0.0,0.0639,4.0124,2.5871,4.0102,3.9211,1.0,82.73
10350.5,8.5,8.3946,2210.2478,3934.1826,2131.2212,124.027,132.027,0.2004,0.0,0.0606,3.9274,2.5955,3.9332,3.8619,1.0,91.7
10351.0,8.5,8.3826,2210.3259,3890.5786,2063.3979,126.288,134.288,0.2064,0.0,0.0475,3.8656,2.6207,3.876,3.8051,1.0,100.0
10351.5,8.5,8.4393,2210.4041,3859.6299,1919.1018,127.589,135.589,0.2051,0.0,0.0356,3.8081,2.6427,3.8083,3.7238,1.0,100.0
10352.0,8.5,8.4537,2210.4822,3765.5012,1908.4747,131.3448,139.3448,0.2057,0.0,0.0361,3.7622,2.6426,3.7569,3.669,1.0,100.0
10352.5,8.5,8.4336,2210.5603,3717.2954,1901.7124,136.4295,144.4295,0.1976,0.0,0.0387,3.7352,2.638,3.7239,3.6335,1.0,100.0
10353.0,8.5,8.3782,2210.6382,3738.2996,1884.6866,138.6113,146.6113,0.1911,0.0,0.0431,3.713,2.6297,3.708,3.6336,1.0,100.0
10353.5,8.5,8.3692,2210.7163,3728.7278,1917.8412,137.9237,145.9237,0.1865,0.0,0.0515,3.7019,2.6135,3.7102,3.6351,1.0,100.0
10354.0,8.5,8.3635,2210.7944,3685.0178,1902.1954,137.8163,145.8163,0.1898,0.0,0.059,3.662,2.6002,3.6798,3.5941,1.0,98.38
10354.5,8.5,8.3742,2210.8726,3708.6157,1931.5809,138.2322,146.2322,0.1926,0.0,0.0649,3.6574,2.5899,3.6632,3.6174,1.0,97.5
10355.0,8.5,8.3814,2210.9507,3732.9475,1945.0298,138.4983,146.4983,0.2078,0.0,0.0627,3.6569,2.5961,3.6624,3.6148,1.0,100.0
10355.5,8.5,8.3513,2211.0288,3741.3191,1915.036,136.9533,144.9533,0.2193,0.0,0.0517,3.7136,2.6172,3.7297,3.6548,1.0,100.0
10356.0,8.5,8.3269,2211.1069,3754.7026,1949.8414,136.4525,144.4525,0.248,0.0,0.0496,3.7162,2.6248,3.7254,3.6512,1.0,100.0
10356.5,8.5,8.24,2211.1851,3732.4077,1930.5778,139.1577,147.1577,0.2627,0.0,0.0,3.7254,2.5727,3.7272,3.6524,1.0,100.0
10357.0,8.5,8.0242,2211.2632,3574.2639,1892.5964,137.3812,145.3812,0.3017,0.0,0.0,3.8829,2.4433,3.9025,3.8728,1.0,100.0
10357.5,8.5,7.992,2211.3413,3386.8286,1865.0872,125.6189,133.6189,0.3083,0.0,0.0,3.9443,2.4019,3.9637,3.8763,1.0,100.0
10358.0,8.5,8.1425,2211.4194,3294.5227,1782.1591,107.1816,115.1816,0.2744,0.0,0.0,4.0456,2.5151,4.1312,4.0855,1.0,100.0
10358.5,8.5,8.3176,2211.4976,3328.6738,1757.1146,90.7108,98.7108,0.208,0.0019,0.0591,4.1993,2.5914,4.2925,4.2537,1.0,71.47
10359.0,8.5,8.3112,2211.5757,3469.811,1945.1255,81.0701,89.0701,0.1795,0.0114,0.0563,4.2951,2.5905,4.3221,4.329,1.0,56.15
10359.5,8.5,8.298,2211.6538,3735.8711,2203.7053,76.8698,84.8698,0.1718,0.02,0.06,4.3878,2.5817,4.3454,4.3753,1.0,50.01
10360.0,8.5,8.2606,2211.7317,4034.2539,2443.5784,72.7999,80.7999,0.1722,0.0316,0.068,4.4901,2.5664,4.3873,4.2968,1.0,45.53
10360.5,8.5,8.247,2211.8098,4178.3818,2480.7979,69.9749,77.9749,0.1771,0.0451,0.079,4.3809,2.5466,4.2992,4.0175,1.0,42.45
10361.0,8.5,8.2482,2211.8879,4134.2549,2433.9294,70.0199,78.0199,0.1782,0.0705,0.1002,3.6891,2.5087,3.6249,3.3337,1.0,37.13
10361.5,8.5,8.1631,2211.9661,4064.7258,2363.6353,68.0097,76.0097,0.1843,0.112,0.1354,3.3172,2.4461,3.2459,3.0431,0.9521,29.22
10362.0,8.5,8.1545,2212.0417,3856.8855,2203.3088,63.3617,71.3617,0.1904,0.1474,0.1652,3.2697,2.3928,3.2151,3.0914,0.8629,22.23
10362.5,8.5,8.1916,2212.1152,3578.4392,2017.9122,59.2167,67.2167,0.1929,0.1596,0.175,3.2461,2.3748,3.1772,3.024,0.8587,19.22
10363.0,8.5,8.2187,2212.1887,3373.7676,1860.6514,58.4091,66.4091,0.1888,0.1453,0.1618,3.3533,2.3976,3.2947,3.1388,0.8812,20.62
10363.5,8.5,8.2244,2212.2622,3330.0664,1826.9275,61.2985,69.2985,0.1945,0.1065,0.1304,3.4382,2.4547,3.3785,3.2322,1.0,29.91
10364.0,8.5,8.2825,2212.3357,3457.0957,1872.5546,66.1248,74.1248,0.201,0.067,0.1003,3.3736,2.5105,3.2896,3.1614,1.0,41.63
10364.5,8.5,8.2766,2212.4092,3612.8728,1910.1071,72.2506,80.2506,0.2109,0.0385,0.0814,3.3066,2.5472,3.2065,3.104,1.0,53.53
10365.0,8.5,8.2986,2212.4827,3740.9558,1951.9667,74.6579,82.6579,0.2194,0.0302,0.0774,3.2383,2.556,3.1903,3.0456,1.0,59.05
10365.5,8.5,8.3049,2212.5564,3790.4133,1999.1737,71.4458,79.4458,0.2181,0.0515,0.093,3.1639,2.527,3.1514,2.9675,1.0,51.86
10366.0,8.5,8.2661,2212.6299,3855.8413,2027.0795,67.7145,75.7145,0.2166,0.0793,0.1139,3.0897,2.4883,3.0985,2.9337,0.9022,43.28
10366.5,8.5,8.2343,2212.7034,3829.5115,2039.9668,64.7632,72.7632,0.2124,0.1017,0.1306,3.0699,2.4573,3.0802,2.996,0.8099,36.18
10367.0,8.5,7.9697,2212.7769,3754.6011,2028.0265,61.634,69.634,0.2026,0.1228,0.1456,3.0515,2.4286,3.0556,3.005,0.8004,28.55
10367.5,8.5,7.9373,2212.8503,3651.6685,1991.3745,57.52,65.52,0.1839,0.1313,0.1488,3.1682,2.4199,3.1493,3.0334,0.8656,21.82
10368.0,8.5,7.9277,2212.9238,3559.2505,1972.3496,53.1533,61.1533,0.169,0.1277,0.1423,3.6291,2.4287,3.6035,3.461,0.8943,18.27
10368.5,8.5,7.9117,2212.9973,3581.7866,2022.4916,49.3889,57.3889,0.164,0.134,0.1462,3.5766,2.4205,3.5368,3.2992,0.9128,15.24
10369.0,8.5,7.9905,2213.071,3676.2708,2096.6929,48.6825,56.6825,0.179,0.1473,0.1597,3.2886,2.3981,3.3086,3.0423,0.9069,15.5
10369.5,8.5,8.0626,2213.1445,3752.1372,2119.2231,51.813,59.813,0.1865,0.1504,0.1642,3.0401,2.3917,3.0912,2.9119,0.8847,17.25
10370.0,8.5,8.1184,2213.218,3730.8271,2096.821,56.9269,64.9269,0.1882,0.1296,0.1478,3.1637,2.4221,3.2692,3.3102,0.917,22.76
10370.5,8.5,8.2107,2213.2915,3648.3506,2072.5671,62.647,70.647,0.1968,0.091,0.1182,3.1882,2.4771,3.2629,3.3389,1.0,34.08
10371.0,8.5,8.2412,2213.365,3627.168,2047.1516,64.5458,72.5458,0.1938,0.0714,0.1021,3.5294,2.5061,3.5647,3.6632,1.0,38.29
10371.5,8.5,8.2487,2213.4385,3669.124,2062.0984,61.8296,69.8296,0.1747,0.0769,0.1023,3.8769,2.5026,3.8742,3.859,1.0,31.75
10372.0,8.5,8.2155,2213.512,3834.512,2152.6624,58.2993,66.2993,0.144,0.0781,0.0971,3.5724,2.5072,3.5431,3.4196,1.0,23.75
10372.5,8.5,8.2644,2213.5857,3981.269,2234.0342,56.5255,64.5255,0.1293,0.0719,0.089,3.2305,2.5194,3.2122,3.0989,1.0,21.32
10373.0,8.5,8.229,2213.6592,4004.9456,2276.1775,57.3898,65.3898,0.1351,0.0688,0.0875,3.0584,2.5231,3.0496,2.9678,1.0,23.33
10373.5,8.5,8.2577,2213.7327,3973.9556,2249.7852,60.0198,68.0198,0.1602,0.0653,0.0895,2.9851,2.5234,2.9967,2.9188,1.0,30.22
10374.0,8.5,8.1278,2213.8062,3858.7556,2139.1726,61.5703,69.5703,0.1705,0.0619,0.0889,2.932,2.526,2.9373,2.8649,1.0,33.78
10374.5,8.5,8.2229,2213.8796,3778.937,2046.9164,62.4492,70.4492,0.1755,0.0554,0.0847,2.9334,2.5344,2.9105,2.8549,1.0,36.62
10375.0,8.5,8.2284,2213.9531,3787.874,2024.941,64.4691,72.4691,0.1785,0.0545,0.0852,2.9485,2.5344,2.9044,2.8429,1.0,38.35
10375.5,8.5,8.2371,2214.0264,3800.4136,2024.8186,65.983,73.983,0.1788,0.0677,0.0967,2.9733,2.5142,2.9364,2.8583,1.0,36.21
10376.0,8.5,8.1928,2214.0989,3828.3618,2040.4271,62.9749,70.9749,0.1854,0.0791,0.1064,3.0292,2.4969,2.9801,2.8818,1.0,34.11
10376.5,8.5,8.1463,2214.1711,3845.0232,2019.5061,59.1005,67.1005,0.1908,0.0775,0.1047,3.0292,2.4997,2.978,2.8475,1.0,34.11
10377.0,8.5,8.1268,2214.2437,3813.1079,1994.1744,59.0384,67.0384,0.1922,0.0749,0.1028,3.0117,2.5033,2.9904,2.8469,1.0,34.93
10377.5,8.5,8.1306,2214.3162,3750.5444,1984.5028,59.8321,67.8321,0.1888,0.0941,0.1186,3.0542,2.4749,3.0553,2.9101,1.0,30.61
10378.0,8.5,7.9367,2214.3887,3668.9033,1971.6021,59.253,67.253,0.1804,0.1275,0.1455,3.1524,2.4258,3.1633,3.0695,0.9206,22.41
10378.5,8.5,7.7922,2214.4609,3608.3604,1976.4614,59.0196,67.0196,0.1724,0.1395,0.1545,3.3126,2.4087,3.3511,3.2679,0.8488,18.81
10379.0,8.5,7.7385,2214.5334,3632.6841,2019.4459,56.8304,64.8304,0.1564,0.1231,0.1374,3.3894,2.4367,3.4111,3.31,0.9088,17.91
10379.5,8.5,7.969,2214.606,3700.5425,2089.6824,53.4716,61.4716,0.1467,0.0984,0.1137,3.6131,2.4769,3.6254,3.6043,1.0,19.14
10380.0,8.5,8.0003,2214.6785,3763.2512,2137.2483,54.9808,62.9808,0.1543,0.0762,0.0962,3.6002,2.5094,3.5678,3.5069,1.0,25.02
10380.5,8.5,8.0344,2214.751,3835.9067,2121.6113,61.5564,69.5564,0.1804,0.0564,0.0862,3.4693,2.5322,3.3842,3.3127,1.0,37.18
10381.0,8.5,8.0932,2214.8232,3883.896,2120.0059,67.3013,75.3013,0.1966,0.051,0.0867,3.1544,2.5346,3.1168,2.997,1.0,44.69
10381.5,8.5,8.1175,2214.8958,3871.6265,2078.3613,68.4053,76.4053,0.1817,0.0702,0.1001,2.7029,2.509,2.6782,2.5259,1.0,37.34
10382.0,8.5,8.1072,2214.9683,3764.4919,2024.5792,64.6623,72.6623,0.1762,0.101,0.1237,2.4435,2.4652,2.4792,2.4063,1.0,28.39
10382.5,8.5,7.9359,2215.0408,3646.6223,1973.5463,59.9065,67.9065,0.1827,0.1251,0.144,2.201,2.4289,2.2423,2.2046,1.0,23.5
10383.0,8.5,7.8776,2215.113,3528.1575,1914.6355,56.6546,64.6546,0.1821,0.1387,0.1547,2.4339,2.4091,2.4968,2.5402,1.0,19.93
10383.5,8.5,7.6874,2215.1855,3486.1738,1906.8579,54.1595,62.1595,0.1727,0.1531,0.1653,2.4908,2.3887,2.5106,2.5015,0.9654,15.18
10384.0,8.5,7.5884,2215.2581,3573.0908,1925.2526,52.4132,60.4132,0.1703,0.1691,0.1786,2.4649,2.3644,2.4393,2.3804,0.9126,11.94
10384.5,8.5,7.551,2215.3306,3631.8142,1933.3354,50.7312,58.7312,0.1642,0.181,0.1882,2.3951,2.3465,2.3476,2.2557,0.8617,9.0
10385.0,8.5,7.5537,2215.4031,3643.3965,1936.0493,49.0732,57.0732,0.1668,0.185,0.1918,2.202,2.3402,2.1722,2.0663,0.888,8.44
10385.5,8.5,7.6629,2215.4753,3585.7305,1948.3048,49.0419,57.0419,0.1685,0.185,0.1919,2.0474,2.3401,2.042,1.9413,0.9482,8.68
10386.0,8.5,7.6359,2215.5479,3467.6399,1881.1494,49.0001,57.0001,0.1777,0.1856,0.1935,1.9668,2.3384,1.9648,1.8714,0.9611,9.9
10386.5,8.5,7.6637,2215.6204,3357.9229,1830.535,49.1451,57.1451,0.1804,0.1878,0.1958,1.9182,2.3346,1.9091,1.8365,0.9033,10.04
10387.0,8.5,7.6662,2215.6929,3335.1133,1801.8114,50.6257,58.6257,0.1814,0.1873,0.1958,1.9876,2.335,1.9676,1.8926,0.8681,10.63
10387.5,8.5,7.6651,2215.7651,3342.0979,1796.9252,51.4042,59.4042,0.1806,0.1824,0.1916,2.2264,2.3426,2.1893,2.0959,0.8831,11.4
10388.0,8.5,7.6703,2215.8376,3383.1633,1813.8356,51.9441,59.9441,0.1764,0.172,0.1819,2.4077,2.3593,2.3536,2.2232,0.9364,12.36
10388.5,8.5,7.559,2215.9102,3449.9075,1844.1813,54.335,62.335,0.1686,0.1597,0.1705,2.2864,2.3789,2.2405,2.0837,0.9804,13.57
10389.0,8.5,7.6192,2215.9827,3495.3245,1882.0088,56.1218,64.1218,0.1656,0.1553,0.1667,2.1603,2.3857,2.1334,2.0124,1.0,14.25
10389.5,8.5,7.5878,2216.0552,3484.5718,1918.2008,55.7829,63.7829,0.1601,0.1611,0.171,2.3416,2.3774,2.3189,2.2666,0.9232,12.42
10390.0,8.5,7.5406,2216.1274,3484.731,1912.1635,56.2756,64.2756,0.163,0.1653,0.1752,2.541,2.3704,2.5027,2.4525,0.7749,12.41
10390.5,8.5,7.5362,2216.2,3467.5295,1825.1027,57.8708,65.8708,0.1735,0.1589,0.1713,2.5803,2.3788,2.5239,2.3961,0.6748,15.54
10391.0,8.5,7.5751,2216.2725,3487.5298,1828.1931,58.5761,66.5761,0.1759,0.1366,0.1524,2.7573,2.4128,2.7254,2.5631,0.7225,19.78
10391.5,8.5,7.6441,2216.345,3594.895,1891.4196,61.5283,69.5283,0.1803,0.0998,0.1224,2.8967,2.4673,2.9113,2.7755,0.8977,28.33
10392.0,8.5,8.0114,2216.4175,3676.426,1932.7297,65.9176,73.9176,0.1914,0.0739,0.1041,2.8047,2.5024,2.8231,2.7666,1.0,37.76
10392.5,8.5,8.0927,2216.4897,3741.2681,1970.7375,67.362,75.362,0.2036,0.0614,0.0966,2.8381,2.5177,2.8305,2.8261,1.0,44.06
10393.0,8.5,8.1064,2216.5623,3803.2776,1995.8353,65.0035,73.0035,0.2073,0.0507,0.0878,3.2211,2.5335,3.2232,3.2456,1.0,46.39
10393.5,8.5,8.1234,2216.6348,3855.8997,1983.8816,61.9643,69.9643,0.2076,0.0501,0.0863,3.5234,2.5355,3.5265,3.3841,1.0,45.24
10394.0,8.5,8.1298,2216.7073,3903.2839,1953.7672,59.1215,67.1215,0.1845,0.0622,0.0909,3.2388,2.5237,3.2016,3.023,1.0,35.91
10394.5,8.5,8.1637,2216.7798,3862.3052,1943.9779,57.2376,65.2376,0.1681,0.0823,0.1043,2.7878,2.4972,2.7476,2.6681,1.0,27.55
10395.0,8.5,8.1271,2216.8521,3759.6907,1948.6747,60.0059,68.0059,0.173,0.1089,0.1286,2.6003,2.4551,2.5685,2.5379,1.0,24.57
10395.5,8.5,8.1242,2216.9246,3620.7913,1953.349,63.5259,71.5259,0.1739,0.1272,0.1453,2.7513,2.4262,2.6709,2.5908,0.9256,22.69
10396.0,8.5,8.0929,2216.9971,3513.2124,1897.9113,65.3439,73.3439,0.1683,0.119,0.138,2.7103,2.439,2.5775,2.446,0.9346,23.68
10396.5,8.5,8.1588,2217.0696,3518.7039,1899.3398,68.062,76.062,0.1755,0.0866,0.1126,2.5126,2.4858,2.3942,2.2574,1.0,32.39
10397.0,8.5,8.1583,2217.1421,3550.7344,1899.8171,70.3258,78.3258,0.2031,0.0529,0.0907,2.1887,2.529,2.119,1.9951,1.0,47.21
10397.5,8.5,8.1739,2217.2146,3549.6882,1888.1681,71.0295,79.0295,0.2405,0.0305,0.0808,2.0925,2.5517,2.0717,1.984,1.0,62.93
10398.0,8.5,8.1744,2217.2869,3542.3489,1846.8016,71.2648,79.2648,0.2341,0.0307,0.0797,2.1063,2.553,2.1209,2.0716,1.0,61.25
10398.5,8.5,8.1737,2217.3594,3532.7908,1826.0867,72.133,80.133,0.2115,0.0458,0.0873,2.139,2.5366,2.1457,2.1051,1.0,51.87
10399.0,8.5,8.1931,2217.4319,3574.7671,1839.3157,71.7497,79.7497,0.1964,0.0624,0.0976,2.1972,2.516,2.1862,2.1302,1.0,43.98
10399.5,8.5,8.2102,2217.5044,3568.9111,1843.2131,67.2749,75.2749,0.1788,0.0791,0.1066,2.4131,2.4967,2.3684,2.2808,1.0,34.34
10400.0,8.5,8.1938,2217.5769,3530.0168,1841.9445,62.6712,70.6712,0.1627,0.0922,0.1134,2.5009,2.4815,2.4379,2.3205,1.0,26.55
10400.5,8.5,7.9198,2217.6492,3501.4963,1838.2509,62.2462,70.2462,0.1649,0.1068,0.1261,2.3275,2.459,2.2577,2.1253,1.0,24.12
10401.0,8.5,7.8295,2217.7217,3414.0894,1796.4813,65.1742,73.1742,0.1812,0.1229,0.1433,2.3227,2.431,2.2527,2.0993,1.0,25.46
10401.5,8.5,7.9668,2217.7942,3348.9426,1749.8546,65.6601,73.6601,0.1892,0.1281,0.1491,2.2393,2.4217,2.2023,2.0417,1.0,26.28
10402.0,8.5,8.0838,2217.8667,3291.8682,1723.4399,63.5727,71.5727,0.1929,0.1285,0.1495,2.1757,2.421,2.1716,2.0891,1.0,26.19
10402.5,8.5,7.8272,2217.9392,3279.4893,1717.6321,60.2828,68.2828,0.1917,0.1355,0.1543,2.2696,2.4116,2.2781,2.2486,1.0,23.54
10403.0,8.5,7.7963,2218.0117,3307.6292,1726.2756,56.4086,64.4086,0.1753,0.1408,0.1554,2.5719,2.4069,2.5609,2.5361,1.0,18.28
10403.5,8.5,7.8151,2218.084,3363.4773,1751.7675,54.9901,62.9901,0.163,0.1357,0.1488,2.9672,2.4168,2.9099,2.8588,0.9854,16.49
10404.0,8.5,7.8586,2218.1565,3432.0999,1785.3304,56.6141,64.6141,0.154,0.1252,0.1389,3.1768,2.4338,3.0609,2.9622,0.9309,17.08
10404.5,8.5,7.8869,2218.229,3466.5906,1842.5459,57.3098,65.3098,0.1424,0.1131,0.1269,3.2476,2.4538,3.112,2.9975,1.0,17.15
10405.0,8.5,7.8584,2218.3015,3577.8179,1933.4373,56.3869,64.3869,0.1456,0.093,0.1096,3.1494,2.4847,3.0263,2.8499,1.0,20.81
10405.5,8.5,7.9224,2218.374,3659.9641,1975.4994,56.6941,64.6941,0.1522,0.0745,0.0949,3.0006,2.5119,2.9655,2.7378,1.0,25.53
10406.0,8.5,8.2056,2218.4463,3666.5991,1987.4092,60.9042,68.9042,0.1604,0.0799,0.1021,2.9739,2.501,3.0166,2.7947,1.0,27.75
10406.5,8.5,8.2513,2218.5188,3629.7856,1990.8895,66.1756,74.1756,0.1696,0.1017,0.1237,3.0147,2.4648,3.0735,2.9457,1.0,27.44
10407.0,8.5,8.1023,2218.5913,3629.8765,1997.1877,67.3438,75.3438,0.163,0.119,0.1377,3.1346,2.4393,3.1489,3.1235,1.0,23.33
10407.5,8.5,8.0647,2218.6638,3612.6799,2002.5255,65.8571,73.8571,0.1544,0.1268,0.1426,3.5361,2.4291,3.5304,3.5355,1.0,19.84
10408.0,8.5,8.163,2218.7363,3596.5576,1999.8413,65.7616,73.7616,0.1435,0.1244,0.1389,4.2116,2.4343,4.2387,4.206,0.8109,18.17
10408.5,8.5,8.2512,2218.8088,3670.8296,2055.1797,67.0813,75.0813,0.1351,0.1089,0.1246,4.5727,2.4591,4.5971,4.4755,0.8683,19.62
10409.0,8.5,8.2797,2218.8811,3803.7288,2204.5486,67.374,75.374,0.1382,0.0821,0.1022,3.8865,2.4995,3.8307,3.6227,1.0,25.05
10409.5,8.5,8.2551,2218.9536,3999.3542,2139.572,66.9739,74.9739,0.1644,0.0579,0.0862,3.1813,2.5314,3.1531,3.1046,1.0,35.39
10410.0,8.5,8.3197,2219.0261,4109.4614,2074.4204,70.9745,78.9745,0.1979,0.0452,0.0836,3.0341,2.5412,2.9774,2.9928,1.0,47.99
10410.5,8.5,8.3783,2219.0986,4078.8306,2015.3439,75.5668,83.5668,0.2324,0.0294,0.08,2.89,2.5532,2.7881,2.7218,1.0,63.24
10411.0,8.5,8.4522,2219.1711,3961.2092,1950.3143,76.6454,84.6454,0.2444,0.0202,0.0759,2.519,2.5623,2.4447,2.2764,1.0,69.62
10411.5,8.5,8.4705,2219.2434,3757.5261,1887.0891,77.5818,85.5818,0.2449,0.04,0.0919,2.1925,2.5336,2.1769,2.0314,1.0,64.94
10412.0,8.5,8.4127,2219.3159,3602.675,1822.7637,80.1064,88.1064,0.2567,0.0769,0.1248,1.9993,2.4764,2.03,1.9564,1.0,59.8
10412.5,8.5,8.3559,2219.3884,3371.6741,1726.2196,79.9549,87.9549,0.2921,0.1034,0.1534,1.9293,2.429,1.9872,1.9918,1.0,62.42
10413.0,8.5,8.3611,2219.4609,3219.3054,1739.2208,77.9674,85.9674,0.3421,0.0988,0.1601,2.0507,2.4221,2.1115,2.1657,0.9339,76.69
10413.5,8.5,8.2791,2219.5334,3261.1626,1766.123,78.9398,86.9398,0.3306,0.0698,0.1355,2.4431,2.4655,2.491,2.5545,1.0,82.05
10414.0,8.5,8.4564,2219.6057,3356.8984,1797.3606,81.3756,89.3756,0.3003,0.0353,0.1028,2.8017,2.5216,2.8097,2.8148,1.0,84.32
10414.5,8.5,8.482,2219.6782,3527.4512,1834.8767,84.1714,92.1714,0.2783,0.0254,0.0911,2.7733,2.5408,2.7663,2.7279,1.0,82.11
10415.0,8.5,8.5179,2219.7507,3715.6685,1866.7458,86.4943,94.4943,0.2415,0.0367,0.0922,2.5574,2.5347,2.5775,2.5614,1.0,69.41
10415.5,8.5,8.5098,2219.8232,3818.4243,1897.0927,86.4188,94.4188,0.232,0.0361,0.0896,2.5178,2.5383,2.5677,2.5939,1.0,66.85
10416.0,8.5,8.5078,2219.8958,3801.5369,1898.6324,86.1227,94.1227,0.2419,0.0206,0.0796,2.4706,2.5575,2.4832,2.4862,1.0,73.78
10416.5,8.5,8.5545,2219.9683,3775.0383,1888.7953,85.5141,93.5141,0.2569,0.0,0.0669,2.4251,2.5823,2.4098,2.3964,1.0,83.8
10417.0,8.5,8.5805,2220.0422,3755.7622,1910.0892,83.927,91.927,0.2508,0.0012,0.0657,2.4313,2.5833,2.4108,2.3836,1.0,80.71
10417.5,8.5,8.5428,2220.1174,3758.6616,1925.0688,85.8909,93.8909,0.2438,0.0196,0.0792,2.4133,2.5584,2.4257,2.3718,1.0,74.47
10418.0,8.5,8.5182,2220.1926,3740.6025,1922.7881,88.0305,96.0305,0.2252,0.0372,0.0896,2.3282,2.5378,2.3682,2.3189,1.0,65.48
10418.5,8.5,8.5124,2220.2676,3722.7935,1928.5304,89.8038,97.8038,0.2175,0.0426,0.0928,2.298,2.5313,2.3565,2.3507,1.0,62.78
10419.0,8.5,8.5574,2220.3428,3707.0732,1945.1578,92.2246,100.2246,0.2136,0.0471,0.0965,2.3822,2.5247,2.4137,2.4628,1.0,61.75
10419.5,8.5,8.6372,2220.418,3696.3015,1955.8585,92.5237,100.5237,0.1975,0.07,0.1115,2.6138,2.4958,2.5618,2.6253,1.0,51.83
10420.0,8.5,8.4719,2220.4932,3651.1213,1917.5299,91.2675,99.2675,0.185,0.1072,0.1389,2.9119,2.4449,2.7938,2.7636,0.8825,39.62
10420.5,8.5,8.3239,2220.5684,3613.8621,1888.6256,90.1323,98.1323,0.1742,0.1253,0.1511,2.9251,2.416,2.7963,2.5838,0.8113,32.23
10421.0,8.5,8.2435,2220.6436,3655.29,1948.001,87.6826,95.6826,0.1814,0.1166,0.1449,2.6338,2.433,2.5723,2.295,0.9074,35.29
10421.5,8.5,8.1945,2220.7188,3565.4878,1906.9595,86.0389,94.0389,0.1845,0.0973,0.1289,2.2711,2.4616,2.2488,2.0603,1.0,39.46
10422.0,8.5,8.1698,2220.7939,3586.3508,1915.9713,87.0159,95.0159,0.1904,0.0879,0.1226,2.0278,2.4738,2.0087,1.8935,1.0,43.4
10422.5,8.5,8.2655,2220.8691,3543.1687,1898.2351,84.4793,92.4793,0.1957,0.0998,0.1325,2.2611,2.4561,2.2422,2.138,1.0,40.91
10423.0,8.5,8.0291,2220.9443,3469.4834,1843.9224,77.1417,85.1417,0.1972,0.1358,0.1604,2.6534,2.4049,2.6221,2.4732,1.0,30.72
10423.5,8.5,7.8631,2221.0195,3448.5608,1847.7029,69.7325,77.7325,0.1849,0.1572,0.1745,2.7853,2.377,2.7441,2.5698,1.0,21.62
10424.0,8.5,7.8485,2221.0947,3472.9028,1889.9314,66.5123,74.5123,0.1627,0.1446,0.1595,2.5012,2.4003,2.4854,2.381,1.0,18.59
10424.5,8.5,7.8273,2221.1699,3551.0364,1932.7556,65.5451,73.5451,0.1534,0.1359,0.1504,2.3665,2.4152,2.3869,2.3295,1.0,18.02
10425.0,8.5,7.8371,2221.2451,3580.0742,1923.9462,64.9886,72.9886,0.1485,0.1458,0.158,2.5231,2.3993,2.5707,2.5424,1.0,15.29
10425.5,8.5,7.8679,2221.3203,3556.9746,1867.067,66.3155,74.3155,0.1466,0.1565,0.1672,2.7142,2.3779,2.7644,2.7668,0.9046,13.3
10426.0,8.5,7.9048,2221.3955,3507.7625,1820.1895,69.3246,77.3246,0.1542,0.1533,0.1661,2.7598,2.3828,2.788,2.7735,0.8011,16.09
10426.5,8.5,8.0042,2221.4707,3528.7744,1799.1036,74.7825,82.7825,0.1619,0.1172,0.1381,2.7703,2.44,2.7713,2.7495,0.903,26.05
10427.0,8.5,8.2332,2221.5459,3560.8269,1818.6884,84.5896,92.5896,0.1693,0.0659,0.0997,2.7338,2.5118,2.7255,2.6977,1.0,42.15
10427.5,8.5,8.2535,2221.6211,3628.9905,1863.8975,96.0768,104.0768,0.178,0.0443,0.088,2.6438,2.5364,2.6356,2.6021,1.0,54.67
10428.0,8.5,8.2705,2221.6963,3685.6509,1882.0461,100.6795,108.6795,0.1792,0.0498,0.0944,2.4987,2.5261,2.4958,2.4342,1.0,55.83
10428.5,8.5,8.2952,2221.7715,3698.0508,1916.1218,97.2514,105.2514,0.1832,0.0496,0.0939,2.3302,2.5268,2.3326,2.2771,1.0,55.31
10429.0,8.5,8.3596,2221.8464,3700.6638,1964.3859,90.8527,98.8527,0.1747,0.0488,0.089,2.2101,2.5331,2.2088,2.171,1.0,50.28
10429.5,8.5,8.3794,2221.9216,3717.1772,2004.298,85.5509,93.5509,0.1769,0.0501,0.0886,2.0902,2.5329,2.0878,2.0615,1.0,48.12
10430.0,8.5,8.3743,2221.9968,3714.0566,2017.394,82.8216,90.8216,0.1901,0.0456,0.0867,2.0958,2.5374,2.0872,2.0722,1.0,51.33
10430.5,8.5,8.2985,2222.072,3695.8894,1993.5758,83.4492,91.4492,0.2058,0.0362,0.0827,2.1421,2.5467,2.1166,2.0977,1.0,58.12
10431.0,8.5,8.2826,2222.1472,3654.3655,1952.6445,84.9176,92.9176,0.2233,0.0278,0.0805,2.157,2.5533,2.1235,2.0902,1.0,65.87
10431.5,8.5,8.2443,2222.2224,3626.5293,1925.1307,85.5017,93.5017,0.2361,0.0239,0.0806,2.1437,2.5549,2.1291,2.0662,1.0,70.87
10432.0,8.5,8.2406,2222.2976,3616.2632,1899.0417,85.7708,93.7708,0.2397,0.0258,0.083,2.1341,2.551,2.1414,2.0802,1.0,71.5
10432.5,8.5,8.2512,2222.3728,3621.1138,1876.5964,85.5978,93.5978,0.2332,0.0365,0.0898,2.1369,2.5378,2.1605,2.1257,1.0,66.66
10433.0,8.5,8.2337,2222.448,3579.5024,1860.515,86.0198,94.0198,0.2107,0.0586,0.1026,2.1459,2.512,2.1745,2.1413,1.0,55.04
10433.5,8.5,8.2346,2222.5232,3553.1431,1853.9335,87.025,95.025,0.2025,0.0842,0.122,2.2671,2.4764,2.2738,2.251,1.0,47.24
10434.0,8.5,8.2147,2222.5984,3520.6553,1855.8976,85.5932,93.5932,0.1888,0.1081,0.1385,2.5988,2.4449,2.5569,2.5376,1.0,37.95
10434.5,8.5,8.0888,2222.6736,3478.1855,1864.9388,88.6996,96.6996,0.1822,0.1198,0.148,2.5968,2.4277,2.5129,2.4205,1.0,35.22
10435.0,8.5,7.9552,2222.7488,3487.1069,1830.5328,101.1864,109.1864,0.1795,0.1175,0.1487,2.3441,2.4186,2.3027,2.185,1.0,38.98
10435.5,8.5,8.0937,2222.824,3493.738,1826.8212,116.5126,124.5126,0.173,0.1113,0.1463,2.2527,2.4124,2.2469,2.1568,1.0,43.71
10436.0,8.5,7.9072,2222.8992,3498.3416,1826.9996,122.5745,130.5745,0.1732,0.1121,0.1485,2.0691,2.4045,2.086,2.0082,1.0,45.59
10436.5,8.5,7.9114,2222.9744,3500.9734,1801.6858,114.8018,122.8018,0.1813,0.1187,0.1536,2.0267,2.4019,2.0401,1.9794,1.0,43.58
10437.0,8.5,7.9794,2223.0496,3487.4502,1778.0225,104.3748,112.3748,0.1837,0.1227,0.1545,2.2084,2.4065,2.2189,2.1756,1.0,39.84
10437.5,8.5,7.9675,2223.1248,3470.2219,1756.1366,97.6885,105.6885,0.1831,0.1312,0.1595,2.5156,2.3987,2.5017,2.4459,1.0,35.44
10438.0,8.5,7.9556,2223.2,3431.304,1707.63,95.9949,103.9949,0.1889,0.1406,0.168,2.7623,2.3845,2.7006,2.6282,0.9787,34.17
10438.5,8.5,7.9524,2223.2751,3357.7969,1618.8956,98.1145,106.1145,0.1773,0.1302,0.1577,2.8935,2.3994,2.8131,2.6905,0.9184,34.26
10439.0,8.5,8.1535,2223.3503,3311.6035,1669.7216,96.5808,104.5808,0.1767,0.0991,0.1322,2.7631,2.4551,2.7572,2.6334,0.9687,41.44
10439.5,8.5,8.344,2223.4255,3360.6921,1729.5334,94.2961,102.2961,0.1591,0.0681,0.1028,2.6871,2.5071,2.7505,2.6648,1.0,43.36
10440.0,8.5,8.3803,2223.5007,3473.0452,1809.3691,96.3807,104.3807,0.1635,0.0564,0.0949,2.6445,2.5223,2.7181,2.6999,1.0,48.09
10440.5,8.5,8.3813,2223.5759,3609.3345,1889.874,99.3824,107.3824,0.1864,0.0469,0.0932,2.6795,2.5289,2.699,2.7301,1.0,57.89
10441.0,8.5,8.3666,2223.6511,3676.3994,1953.9576,101.1491,109.1491,0.1997,0.0357,0.088,2.8224,2.5404,2.7883,2.8217,1.0,65.34
10441.5,8.5,8.3639,2223.7263,3688.0945,1997.3605,105.464,113.464,0.1974,0.0271,0.0825,2.9859,2.5511,2.9677,2.923,1.0,69.22
10442.0,8.5,8.4284,2223.8015,3705.0271,1988.4049,117.1553,125.1553,0.1988,0.01,0.0745,2.9231,2.5684,2.9402,2.8103,1.0,80.63
10442.5,8.5,8.4157,2223.8767,3742.7473,1956.2815,139.9786,147.9786,0.2017,0.0,0.0693,2.6021,2.5835,2.6291,2.5176,1.0,100.0
10443.0,8.5,8.4193,2223.9519,3768.22,1922.5734,170.7904,178.7904,0.1974,0.0,0.0707,2.3946,2.5876,2.4358,2.4354,1.0,100.0
10443.5,8.5,8.4219,2224.0271,3751.2046,1935.7137,183.0269,191.0269,0.1914,0.0,0.0708,2.3985,2.5894,2.4399,2.4793,1.0,100.0
10444.0,8.5,8.4136,2224.1023,3729.3435,1904.9393,157.922,165.922,0.1983,0.0,0.0709,2.6204,2.5843,2.6452,2.6934,1.0,100.0
10444.5,8.5,8.4501,2224.1775,3711.6006,1894.5479,125.5108,133.5108,0.2026,0.0173,0.0847,3.0247,2.5523,2.9744,2.9391,1.0,84.3
10445.0,8.5,8.4878,2224.2527,3792.6536,1922.8645,107.5207,115.5207,0.1925,0.0607,0.1087,2.8188,2.5036,2.6947,2.5513,1.0,60.0
10445.5,8.5,8.4633,2224.3279,3897.0603,1952.9897,96.8856,104.8856,0.1598,0.0863,0.1183,2.4598,2.4758,2.3934,2.2521,1.0,40.08
10446.0,8.5,8.5149,2224.4031,3906.2251,1976.1078,89.4459,97.4459,0.1433,0.0923,0.1177,2.3477,2.4715,2.3223,2.1911,1.0,31.76
10446.5,8.5,8.6335,2224.4783,3805.0771,1960.3191,85.5113,93.5113,0.169,0.1018,0.1296,2.2259,2.4584,2.2258,2.1133,1.0,34.71
10447.0,8.5,8.7354,2224.5532,3644.002,1876.5687,85.628,93.628,0.2183,0.1007,0.138,2.0966,2.4492,2.0988,2.038,1.0,46.69
10447.5,8.5,8.5634,2224.6284,3537.5308,1865.3257,89.3184,97.3184,0.212,0.0863,0.1264,2.404,2.47,2.4339,2.4297,1.0,50.14
10448.0,8.5,8.564,2224.7036,3591.4976,1880.8662,93.7212,101.7212,0.2076,0.0759,0.1188,2.5231,2.4842,2.5324,2.5061,1.0,53.6
10448.5,8.5,8.4551,2224.7788,3606.2856,1857.472,96.706,104.706,0.2069,0.0931,0.1336,2.5433,2.4581,2.5633,2.5247,1.0,50.62
10449.0,8.5,8.3191,2224.854,3615.9758,1844.9346,97.6041,105.6041,0.1944,0.123,0.1555,2.5323,2.4138,2.5423,2.5128,1.0,40.55
10449.5,8.5,8.2418,2224.9292,3550.2297,1825.705,94.0357,102.0357,0.1856,0.1377,0.1644,2.5041,2.3913,2.5101,2.5071,0.9309,33.4
10450.0,8.5,8.3103,2225.0044,3492.2051,1825.4985,88.1604,96.1604,0.1732,0.1395,0.162,2.3475,2.3928,2.3342,2.2972,0.9268,28.13
10450.5,8.5,8.3908,2225.0796,3492.2051,1825.4985,87.3393,95.3393,0.1711,0.1373,0.1596,2.2225,2.3972,2.203,2.1411,0.9472,27.86
10451.0,8.5,8.6501,2225.1548,,,90.7761,98.7761,0.1738,0.1335,0.1578,2.1534,2.4009,2.1467,2.0782,0.9705,30.41
10451.5,8.5,8.7968,2225.23,,,92.231,100.231,0.1721,0.1257,0.1515,2.1477,2.4129,2.1642,2.1014,1.0,32.22
10452.0,8.5,8.9586,2225.3052,,,91.6433,99.6433,0.176,0.1187,0.1465,2.0991,2.4261,2.1204,2.0642,1.0,34.74
10452.5,8.5,8.9261,2225.3804,,,90.7991,98.7991,0.1822,0.1272,0.1545,2.0776,2.4127,2.097,2.0619,1.0,34.06
10453.0,8.5,8.7417,2225.4556,,,89.0049,97.0049,0.1953,0.1451,0.1712,2.1662,2.3844,2.1787,2.1772,0.9618,32.63
10453.5,8.5,8.7067,2225.5308,,,87.5674,95.5674,0.2052,0.1554,0.1812,2.4072,2.3688,2.421,2.4331,0.883,32.31
10454.0,8.5,8.7666,2225.606,,,85.7205,93.7205,0.1992,0.161,0.1841,2.6097,2.3602,2.6085,2.5784,0.8431,28.96
10454.5,8.5,8.6209,2225.6812,,,86.0809,94.0809,0.1978,0.1557,0.1796,2.6148,2.3691,2.6271,2.5414,0.8079,29.95
10455.0,8.5,8.5282,2225.7563,,,90.7687,98.7687,0.1871,0.1326,0.1598,2.4145,2.4038,2.4217,2.3321,0.8653,34.05
10455.5,8.5,8.4296,2225.8315,,,92.5445,100.5445,0.1774,0.111,0.1409,2.2623,2.4387,2.2469,2.21,1.0,37.29
10456.0,8.5,8.4612,2225.9067,,,92.1995,100.1995,0.1647,0.101,0.13,2.3635,2.4556,2.295,2.2857,1.0,36.26
10456.5,8.5,8.5186,2225.9819,,,93.0243,101.0243,0.1625,0.1025,0.1309,2.5625,2.4519,2.4256,2.3545,1.0,35.53
10457.0,8.5,8.4807,2226.0559,,,90.1964,98.1964,0.1638,0.1091,0.1358,2.8127,2.4433,2.6196,2.4182,1.0,33.39
10457.5,8.5,8.4845,2226.1294,,,91.6693,99.6693,0.178,0.1057,0.1364,2.7724,2.4485,2.6296,2.3648,1.0,38.48
10458.0,8.5,8.3501,2226.2029,,,98.5705,106.5705,0.1828,0.095,0.131,2.598,2.4603,2.5059,2.2803,1.0,44.95
10458.5,8.5,8.3589,2226.2764,,,96.2477,104.2477,0.1774,0.0897,0.1248,2.462,2.4703,2.4107,2.2514,1.0,43.8
10459.0,8.5,8.3326,2226.3499,,,89.5231,97.5231,0.1751,0.0718,0.1073,2.4794,2.4999,2.4582,2.3277,1.0,44.39
10459.5,8.5,8.2915,2226.4236,,,87.5117,95.5117,0.1917,0.036,0.0811,2.8144,2.5488,2.7951,2.6627,1.0,56.35
10460.0,8.5,8.2851,2226.4971,,,88.1513,96.1513,0.2136,0.007,0.0633,3.4074,2.5839,3.3959,3.3114,1.0,70.35
